111027||||||
627436|ASASSN-V J045211.38-251138.5|EW|0.5789044|11.51|0.33|dae789ca-334f-5676-85af-7f8c85cb7926
671564|ASASSN-V J045338.11-290637.0|EW|0.3855829|12.21|0.27|5c7039d5-de00-5612-964c-465ea0f34c18
737546|ASASSN-V J045803.54-295600.9|VAR|-1|10.88|2.36|33a280e2-739a-54df-848a-17d921baad86
878056||||||
1029392|ASASSN-V J021514.83-104802.7|VAR|-1|10.92|2.22|11fd576e-19d2-5f16-9111-65514bae4cbe
1045298|ASASSN-V J021742.43-081639.2|EA|1.4634458|11.25|0.03|4ffc2cab-338e-5640-bfb2-8dc1bada2b2a
1159914||||||
1450518|ASASSN-V J050048.95-321238.8|EW|0.3337513|12.5|0.31|d0ac1517-adf7-5be3-a591-37d2df64beaf
2353789||||||
2372579||||||
4629065|ASASSN-V J023129.74-090332.7|EA|5.8971399|11.31|1.75|2992b80e-b3cd-51f7-9fca-943afe3b4d5d
4735737|ASASSN-V J121114.01+290627.0|ROT:|-1|9.77|1.49|c0645387-be7f-5898-afd6-6ff537fd81d1
4786828||||||
5703872||||||
6400274|ASASSN-V J185405.14-513058.6|VAR|-1|9.83|1.81|34fe79d8-e64f-530a-b763-a3ec83f969f2
7020254||||||
7320873|ASASSN-V J052049.35-454130.2|ROT|0.6253579|11.9|0.43|e59915fc-06e6-59e4-a405-a110316fda98
7624182||||||
7724421|ASASSN-V J042538.82-380334.1|VAR|-1|9.91|0.77|3702fe6e-9497-5303-a063-b4d8be9ffe2b
7854182|ASASSN-V J182211.58+473408.9|VAR|-1|9.49|0.99|e4ce82a7-9ecc-57eb-a54d-6ec723c22b75
9172417|ASASSN-V J040813.78-054524.7|EW|0.2451896|13.68|1.92|9f8abfb4-09fb-5c18-b28b-38c877644214
9391285|ASASSN-V J111027.06+363244.2|ROT:|-1|11|1.9|f1fe99e8-2df1-59ce-a287-8c77c5647763
9433212||||||
9845586|ASASSN-V J031251.95-074420.5|EW|0.3601098|12.31|0.12|058416f5-12a1-58b5-976b-4291c523c7c3
9966358||||||
10393493|ASASSN-V J175056.59+333245.1|EW|0.3604645|12.49|0.79|cf171b31-3e96-5316-a754-17477fcdb73d
10467747||||||
11171398||||||
11286209|ASASSN-V J053847.21-023540.5|SXARI|-1|9.23|0.07|788848b0-074c-5ac6-aeca-ed79854f122d
12824209|ASASSN-V J021513.04+652859.2|EA|1.0711895|15.5|38.38|49b9b9f9-f2c1-5b4c-8187-383f5bca03de
12828458||||||
12915124|ASASSN-V J201956.89+375007.4|EA|3.16398|12.04|0.21|3916587a-d4cb-538f-bd42-000e6b5f4a6c
13070701|ASASSN-V J050333.58-252156.4|EW|0.4140712|11.13|0.2|3ac356f5-1f54-5eaa-9258-51bd8a3a4b93
13079486||||||
13325340|ASASSN-V J051432.87-251941.3|EA|0.893093|12.5|0.73|8536c750-0180-5c91-841d-5f1d4ca7fb84
13840107||||||
13957444||||||
14617089|ASASSN-V J202515.80+373318.0|EA|1.6688988|13.08|0.47|c2bf9a1b-4e2e-5428-b4b1-aeb1f8898132
14850843||||||
17468122||||||
18250189||||||
18914916||||||
19193162|ASASSN-V J081511.61-061856.2|VAR|753.2426594|9.45|2.25|f3add5d1-8be6-52ca-9e71-8322d076542a
20215452|ASASSN-V J150916.05+360200.2|EA|0.59575|12.91|0.57|e77b6430-9756-500f-8023-8518f684d82d
20239565|ASASSN-V J151110.17+385702.3|VAR|-1|9.25|2.82|c25214f7-601e-54f2-851d-6688307ed984
20871923||||||
20876588|ASASSN-V J024908.17+441507.9|EA|3.1507032|11.45|0.05|a62c14bb-966a-55a1-98f5-dfe840eabaa3
21827849||||||
22079739|ASASSN-V J095227.63-270532.0|L|-1|10.41|139.92|5665b89e-cec1-5797-8124-eaf31393149e
22146154||||||
22529346||||||
22843856||||||
22877676||||||
23221002|ASASSN-V J030952.78-065333.5|VAR|-1|10.82|0.16|7530b002-39f1-5ac6-9e63-5a858723f701
23936839|ASASSN-V J182416.01+351428.3|EW|0.2753047|12.98|1.14|b21dc2b6-a09f-5de0-b003-08c7d3874df5
24433067|ASASSN-V J052800.18-333437.5|EA|6.1861521|11.31|0.16|e94e58d4-6aa7-55a3-ae69-cad4c8a6045a
24522770||||||
24586751|ASASSN-V J053450.78-302515.4|EA|0.5128256|11.5|0.41|0b1f19cb-a5de-5b97-b3f3-42b7f799b9f5
24606516|ASASSN-V J052312.56-090742.5|EW|0.4019857|12.3|0.12|389c83e1-6c40-5a7a-9609-2ef738cf2183
25078924||||||
25183492|ASASSN-V J063155.20-070460.0|ROT|0.2790084|11.8|0.47|1af71451-41a2-5a50-b59b-5cf2cb1c3c87
26432264||||||
27112021|ASASSN-V J132015.68+174556.3|VAR|-1|7.66|1.43|5da2ed20-6795-5d49-81b9-1248baaf4443
27312189||||||
27315670|ASASSN-V J193955.88+523510.0|HADS|0.1092675|11.28|0.24|42f123f7-dccd-51b2-9024-54a16ea6d201
27397122||||||
28290956||||||
29777922|ASASSN-V J041730.33-664938.6|EB|0.5305982|12.74|0.38|98879757-f7f4-5e5d-83e2-4638277a84f6
29778064|ASASSN-V J041725.19-662416.5|EA|0.4946453|12.49|0.53|2dcc4a49-9540-510f-932e-07596eb378fb
29831208||||||
29986808||||||
30016911|ASASSN-V J025232.41-124613.2|VAR|829.8268402|6.85|2.21|de9c2853-0b76-5614-a1ca-0cfb77de4231
30028394|ASASSN-V J025347.43-130743.6|EW|0.4571008|12.05|0.65|09dc04ee-fcdc-5d7a-8edb-888e4daff3ce
30034081|ASASSN-V J045207.13-704353.4|EA|2.3445955|11.21|1.2|06886a9e-e55a-5d43-90bb-dd544f9c0e6a
30312916||||||
30531417|ASASSN-V J045913.80-693543.0|RRC|0.3289386|11.41|0.78|e685e5a7-bbc8-524c-8400-e869a7f11c19
30562668|ASASSN-V J085706.70-431351.0|ROT:|-1|11.31|91.62|4ad4aede-4a6a-55a4-a290-28c06f7aa120
30631330|ASASSN-V J050047.90-702951.5|EW|0.3873553|11.36|0.77|a46d34a8-ffc1-5838-9ce2-365f85e805c9
30816076||||||
31107108|ASASSN-V J050527.09-674313.5|ROT:|-1|10.96|0.39|8ef97efb-5f7f-5cad-84c8-1ddbce0d0fc3
31273263||||||
31303242|ASASSN-V J053113.57-270903.7|ROT:|-1|10.69|1.27|d8b77a9f-99ff-5448-9b3a-eb25f376f02d
31653503|ASASSN-V J030524.31-664103.1|EA|6.6801745|11.43|0.57|589e5cce-e825-5a40-ab41-14299fa70cdf
31870141||||||
31998499||||||
32000625|ASASSN-V J034357.14-712844.4|EA|0.7017654|11.78|0.19|f4d82352-c4ba-5d62-9253-3beb635060fa
32008233|ASASSN-V J074655.59-093429.8|CV|-1|13.69|1.84|e1fa2eaa-5c6b-573a-bd55-9ac3891b28ee
32093154|ASASSN-V J035508.23-713559.3|EW|0.4018086|12.02|0.22|e5c3d34a-3b43-52d3-af03-caa5e4567113
32152978||||||
32702481|ASASSN-V J054407.43-283637.7|VAR|-1|9.7|0.45|1c37a169-5f8e-5324-938a-3b19782c2a3a
32932888||||||
33689349|ASASSN-V J061146.19-174233.1|ROT|9.3845728|14.54|100.9|af7da693-3703-543e-8d4c-55b686fa2eab
33715938|ASASSN-V J040402.79-742713.8|ROT:|-1|10.95|1.94|98d34f05-ff4c-5fcf-b14b-066bdc88b5dd
33742428|ASASSN-V J061238.76-164836.6|ROT:|-1|9.33|1.38|19076ce5-b352-5853-864d-edc2da6faa5d
33834253|ASASSN-V J041453.34-732137.8|EA|3.2321377|11.76|0.75|8c6511c8-8f27-5266-afbd-842e534e7c4a
33862174|ASASSN-V J041950.63-774821.7|EA|1.4144835|12.23|0.71|48a7cbe7-f761-5fd5-ace1-d70faecb22b9
33864821|ASASSN-V J042235.82-720633.9|EA|0.810455|14.45|0.31|2cf3ffd6-2168-5115-908a-f9783779dcfe
34978817|ASASSN-V J031214.26+271524.5|SXARI|-1|6.47|0.29|b4ecec78-108e-5e78-8297-9811756fb673
35086365||||||
35744707|ASASSN-V J024006.12-055635.5|EW|0.3464514|12.51|0.46|c8993956-83dc-573a-9c3f-b5cbb896cf35
36728572|ASASSN-V J024114.63-094550.4|VAR|578.8793983|9.34|1.22|49a90174-5350-50e8-8f64-55a19b6f6d02
36729364|ASASSN-V J024143.03-062149.0|EW|0.3274897|12.7|0.39|39a8f916-85f8-5a21-bb3d-f782d623cae8
37601240|ASASSN-V J061237.21-251606.7|VAR|547.7788367|9.55|1.52|8bec0abc-7694-5de5-9660-495a272392f9
38399380|ASASSN-V J033623.38-075531.4|EB|0.5680929|11.83|0.2|517d0fb0-a394-56e8-b32f-bb47714bed6b
38461578||||||
38462492|ASASSN-V J040614.55-634815.4|EA|3.3087595|13.79|63.91|fb20e6df-4576-5ffe-b1dc-b5f620d130aa
38465274|ASASSN-V J034032.72-085651.5|EW|0.6912587|12.15|0.49|7c20ed54-7b27-54cb-8ab1-ee8349c4ff53
38469787|ASASSN-V J040744.88-635034.9|EW|0.3689715|12.96|0.04|fcc884b5-e67b-55a6-9bd3-3798940ec730
38541473||||||
38586438|ASASSN-V J041621.51-620047.5|EA|0.5556397|13.9|0.2|a3c20034-a990-575b-aabc-c3b94469ebd4
38687360|ASASSN-V J035153.25-103145.6|VAR|-1|9.02|6.05|966a7972-02c0-5955-94f2-9f6dbf78ea98
38699825|ASASSN-V J042535.17-604525.7|VAR|-1|9.17|1.92|eec902cc-0306-531e-83c1-a2299bd158b5
38909679||||||
39389004||||||
40288117|ASASSN-V J193249.81+300117.9|GCAS|-1|10.04|1.14|25be669d-83dc-597a-a77e-dc991bbad047
41170667|ASASSN-V J060447.84-673124.0|VAR|-1|10.68|1.77|40f240f4-8a9a-52fa-84e9-d2283cc6e473
41533230|ASASSN-V J061507.30-713412.5|EW|1.4204533|11.24|1.03|78444c16-e145-541c-b0fd-7b5efb4cc01b
41896812|ASASSN-V J012546.33-395610.9|EA|1.2608098|11.29|0.84|83d589e2-88c7-58c8-bf5d-00f2f8b09116
42828781|ASASSN-V J062757.14-033731.8|VAR|-1|10.22|2.34|7bffe5f8-4c38-5a1e-8b62-0dcc873fe986
43333148||||||
43533897|ASASSN-V J050135.19-083836.7|EB|0.313367|11.51|0.5|fb731df3-abce-51aa-a1b1-69574d411edc
43843023||||||
43864479|ASASSN-V J051134.11-103423.9|EW|0.5944476|11.23|0.04|89254fd4-15a8-5fc7-8827-bbaceb66619c
44623916|ASASSN-V J224452.62-420045.2|ROT:|-1|10.61|1.65|6fc3c6b0-e2e3-5e20-b0da-f34184799d41
44737596||||||
44743153||||||
44790502|ASASSN-V J040636.68-274006.9|VAR|-1|10.19|1.07|70550228-6ee1-528f-8104-4f2b2ff2b950
44797681|ASASSN-V J040950.12-251915.2|EW|0.4009409|12.25|0.35|f6fb2bb4-ffbe-5a65-9cb2-79d9ffac147a
44890224||||||
46313508||||||
46630964||||||
47352608|ASASSN-V J105029.80-024144.0|VAR|-1|9.33|1.66|4c8a8be1-b08a-5887-bd9a-2dfe2dae7195
47380518|ASASSN-V J105129.70-005922.6|EA|2.1908576|14.57|0.38|afd742f3-2569-5f99-a9ac-3a96acc25653
47626069|ASASSN-V J183510.01+515316.6|EW|0.4098218|11.23|0.1|b392762c-7610-5473-906a-0ac032544380
47757785|ASASSN-V J183956.47+510534.1|VAR|-1|9.3|2.3|4abcf5cb-f733-5b16-b7bb-0a944c6458d6
48499902|ASASSN-V J185901.72+522805.6|EA|7.5767606|12.49|1.24|fa82be4d-5d31-5ef5-bab8-803052ead2e6
48507019|ASASSN-V J190052.08+490522.4|ROT:|446.4411216|10.18|1.98|14eb1a4a-bb28-5346-8f34-d1631601fe9d
48658291||||||
49534600||||||
49701947||||||
49799894|ASASSN-V J030857.51-025146.1|EW|0.2709075|11.47|1.77|131b353c-db70-5592-9193-f264381b8ccb
50189810|ASASSN-V J024002.34+610744.3|ROT:|-1|10.21|1.39|3e663b51-224a-5644-8a98-581738cc8399
50273697||||||
50758245||||||
50897998|ASASSN-V J053331.60-010923.7|VAR|-1|6.2|2.95|81a2c4d5-9614-5ede-8432-f80426d98653
51024887||||||
51155192|ASASSN-V J071641.43-052606.8|EA|3.2284276|12.71|74.09|046fb74d-aa77-586a-97a2-c67eeada53e9
51960132||||||
51961599||||||
52280468||||||
52641430||||||
53059882|ASASSN-V J065028.94-343617.3|VAR|-1|10.33|1.74|eb68c1de-45b8-5889-8a4b-148902c3004d
53178352|ASASSN-V J110442.20-025819.6|ROT:|-1|9.31|1.04|4937d60e-2285-5d6e-a205-0ba11c5d86ab
54630229||||||
55269690|ASASSN-V J050457.68-634904.8|ROT|0.9992984|12.14|0.44|5f48a24d-d097-566a-91bd-9e15fda1b4b5
55404385|ASASSN-V J051202.49-651033.5|VAR|632.1975869|7.9|4.63|17b2400e-082a-52e0-bbc5-5421d101e358
55451784||||||
55497281||||||
55500860||||||
55524055||||||
55652785||||||
55659311||||||
55753802|ASASSN-V J120619.72+571034.6|VAR|-1|10.1|0.74|93abeca1-4269-56c6-8ddc-acb22eb14265
55999432|ASASSN-V J043811.15-072615.4|VAR|-1|10.42|2.15|31f68e32-6d49-51b5-bee2-0868bab7d9d1
56127811|ASASSN-V J044307.13-072438.1|VAR|328.9608675|9.16|4.14|e43b7fb6-0ce6-557d-8070-25ae523e8a8c
57258016|ASASSN-V J164635.54+414732.1|VAR|818.2537601|8.51|0.55|c81a0b50-e269-54a2-b030-a586f20a9cb4
58467657|ASASSN-V J042157.38+282634.6|VAR|-1|10.59|0.74|4d197c22-2802-5485-8c44-1e18c2aa8f16
60479151||||||
60977396||||||
61490776||||||
61724376||||||
61898904||||||
63427664||||||
63451547||||||
63941711|ASASSN-V J022430.00-221048.5|EA|1.0387972|15.16|55.35|1d6ea4e1-b327-55ba-84c4-4345eb2234b2
64783257||||||
65479458||||||
66715008|ASASSN-V J131742.82-003344.2|VAR|-1|10.62|0.26|26174c8f-f334-5d77-8f4c-081e65982376
67474119|ASASSN-V J112758.66+144955.6|VAR|-1|9.29|1.19|6b7c11c4-0f9e-5a3f-adac-30d99f7bb033
67686223|ASASSN-V J041148.22-114726.7|EB|0.4169244|11.54|0.07|812d0c81-265f-5564-8443-1798eb48443d
67707406|ASASSN-V J150029.34+334021.8|EA|1.2567985|11.15|2.81|a84a04b1-6264-5a0b-b07c-a548445d643f
67719432|ASASSN-V J041341.93-113337.4|EA|1.0016846|12.35|0.7|862dc182-429c-5f34-b7b9-9b0065065ecb
68032870|ASASSN-V J143723.37+380441.8|EA|1.0334999|10.99|0.82|b8df9544-0a9d-5941-b821-c04a9754db11
68545734|ASASSN-V J184316.15+322449.0|EA|0.7690087|12.43|1.1|00c03f83-ad03-50f0-a5d6-19a8dd12ee18
70442570||||||
71298511|ASASSN-V J101733.77-322811.5|VAR|-1|10.64|1.91|9ced44b8-e96a-5498-a330-7df68e2c1935
71612483||||||
72782654|ASASSN-V J054310.14-004114.0|ROT:|-1|10.35|1.56|fe98ce64-4b8f-59e6-82ec-415b52a572d3
73201833|ASASSN-V J101542.42-365830.6|EA|0.8650448|13.78|45.45|83d3d3a2-78a3-5b94-a29d-cab66e5b1da5
74627376|ASASSN-V J091142.25-465310.1|VAR|284.7764655|8.82|0.83|e73d520f-387c-58a6-9300-666a76a38a1b
76073981||||||
77158150|ASASSN-V J043301.51-381701.8|VAR|229.7789001|7.66|2.29|53192e93-56f8-58a8-a389-4cdbe758c1fb
77320223||||||
77545160|ASASSN-V J025217.87+324021.1|EW|0.2763671|15.07|85.9|e5c6c609-76bd-5103-8b53-5ce3bcd0c4dd
77703308|ASASSN-V J050603.91-350911.6|EA|0.746215|11.74|0.39|107343af-f46b-5c89-a29e-d49d19d2f966
78076566||||||
78450017||||||
78568736|ASASSN-V J065133.78-221126.0|ROT:|-1|10.12|1.97|ebf956b5-9abd-58bf-80f2-c14a869e605b
78817217|ASASSN-V J065316.78-193508.8|VAR|412.6029553|8.13|1.53|63d35428-3cd0-54c2-ba0c-c5e4feba8fef
79225651|ASASSN-V J211123.05-522023.2|VAR|534.1164903|7.49|2.46|75241da3-a5b1-5c48-8327-65c1fee641f7
79247714|ASASSN-V J211217.82-502323.9|EW|0.2609435|15.86|39.5|57e87b1c-17c0-5940-a233-2755d174ea80
79271943||||||
79283165||||||
79403459|ASASSN-V J212059.88-522843.3|ROT:|485.9903494|9.39|1.61|8f85de44-f257-5b9e-a6ae-855fb627a31f
79548760||||||
80059889|ASASSN-V J195132.94-432250.1|VAR|-1|9.94|12.34|c88a043d-76e4-5551-9294-6d74e2c3a0c2
80254085||||||
80650858|ASASSN-V J080815.14-420147.5|VAR|280.3631121|10.55|0.11|9d720cf4-e2f6-522d-a7db-b1057b1b1125
80806861||||||
83222019||||||
85694057||||||
85711393||||||
86629981||||||
88465768|ASASSN-V J030702.98-260233.4|VAR|-1|10.11|1.36|c85d8e10-50d6-584e-8dac-9cae199837d8
88479623|ASASSN-V J030806.71-244533.0|ROT:|-1|10.35|4.08|c441dc08-8900-5a86-b4dc-9b61d9707cea
88994025||||||
89018905|ASASSN-V J223237.87-474243.6|EA|3.1427625|11.25|4.23|0c6c1f43-bff7-53d4-ad05-d136645fd787
89258104||||||
89327422|ASASSN-V J082633.11-571806.3|ROT:|-1|8.88|0.61|507ec8ae-2e72-509f-9046-cf5916dba48e
89358641|ASASSN-V J211622.82-301703.1|RRAB|0.5899099|11.61|1.24|b523f619-dba0-515f-b9ec-5cb34b8fe448
89466504||||||
89787778|ASASSN-V J083116.85-591337.1|VAR|-1|8.53|0.41|47260b96-09f2-56cd-a113-eaf131140c75
90185615|ASASSN-V J185232.74-294102.5|VAR|-1|10.64|1.84|2fb41702-00b3-51a0-ac7f-f9f241232555
90322352|ASASSN-V J182536.32-421335.7|VAR|-1|11.69|0.92|fcf4f48c-d353-5197-adab-115f2a6a0030
90650244||||||
91369561|ASASSN-V J205016.40-421304.7|EA|11.9492494|11.38|0.12|d6477c4d-27d2-57fc-b5b4-aea98d6794eb
91448148|ASASSN-V J205441.04-454351.6|VAR|674.1043574|9.92|1.44|669bb1ea-4168-583a-9a51-625103c8500f
91640647||||||
92132777||||||
92140619|ASASSN-V J221549.90-471740.4|RRC|0.3318493|15.19|52.14|c5200187-d0d1-5220-a132-9f7c5398d0ab
92349924||||||
92352620||||||
92364700||||||
92594505||||||
92628706||||||
92629355||||||
92861431||||||
92877752|ASASSN-V J211155.10-325837.9|ROT:|-1|10.49|2.65|97122143-900d-5b78-95b2-a2cb23c7da5e
92938279|ASASSN-V J053431.29-223832.1|EW|0.2750391|13.34|22.36|4f6e02b8-7af3-5294-a30d-48397b60f312
92938280|ASASSN-V J053431.29-223832.1|EW|0.2750391|13.34|27.01|4f6e02b8-7af3-5294-a30d-48397b60f312
92980022|ASASSN-V J211344.98-301039.3|RRC|0.3210591|14.23|85.89|6b875f76-d573-58d6-887f-4c037d4812e5
93050630|ASASSN-V J032936.00-124032.5|VAR|-1|6.45|3.6|7f71b7be-fd19-5b31-9eac-f34f53cf90f2
93088834||||||
96799506||||||
97402522||||||
97431593||||||
97486585|ASASSN-V J110202.20+223544.6|ROT:|-1|9.25|1.58|27f8e32b-68a1-51ca-b913-6c0c7317a518
97797267||||||
98478039||||||
99254945||||||
99465976|ASASSN-V J210935.04-225030.0|EB|0.6243849|11.59|1.1|032931d0-7be4-5f43-82b6-64d971bb5acf
99494149||||||
99646802|ASASSN-V J212456.59-213909.0|VAR|-1|9.95|0.77|a499ac53-a5c7-542b-be41-90890f364df5
99725941||||||
99839685|ASASSN-V J213239.09-214635.8|VAR|-1|9.29|0.66|ab117852-6a31-510a-9b58-42bec5b506b3
101070833|ASASSN-V J034910.62-423655.1|VAR|-1|10.92|0.26|81c6c605-4802-5308-837f-27fc51c6b2ed
101302325|ASASSN-V J031632.94+300143.8|ROT:|-1|10.4|1.54|2301cf41-0433-5597-ab5f-0f24b9bf6da7
101497151|ASASSN-V J095652.66-335113.7|ROT|4.986166|12.61|0.59|8fb67ccb-adea-5ea9-a64f-29ed6329d7da
102929927||||||
106403786||||||
107548305|ASASSN-V J141116.05-305304.5|ROT:|-1|12.28|1.54|9e84ab24-673e-5331-b994-b8e47a81284e
112401201|ASASSN-V J192355.95-301853.7|EB|1.1157528|11.18|0.1|2ae7a768-2a81-5017-ae81-12eeb3cc01d3
113061684|ASASSN-V J193057.43-324158.6|VAR|-1|7.65|1.07|b3311d95-bca7-5f0c-9fb7-0ff3729b229b
113567527||||||
114988852||||||
115105140|ASASSN-V J210558.86-361536.1|VAR|-1|7.65|2.02|2ec1cc3e-3585-5911-8aca-d75bb88f3cc1
115105263||||||
115108198||||||
115115136||||||
115150623||||||
115288764||||||
115507313|ASASSN-V J165306.88+473008.8|ROT:|-1|13.86|14.3|8544b63c-b942-50f4-b709-65c91d5f0664
116553919|ASASSN-V J030447.66+533026.1|VAR|-1|4.53|3.23|51f360af-4117-5fee-bddc-9f74457f5307
116890331||||||
117515123|ASASSN-V J223924.41-465232.9|EW|0.2595387|11.23|0.22|38ead18e-e787-5e47-ade0-5ada85d25db4
117515674||||||
117544915|ASASSN-V J224118.52-435028.1|EA|2.9684589|8.83|1.85|2ec5838f-3e43-525b-9735-1f932a86ee05
117648603|ASASSN-V J043200.94-174447.6|EA|9.2991064|11.04|0.07|57f13d97-1cd8-5b5a-ac9a-705d937e69e6
118313102|ASASSN-V J083424.28-544000.6|VAR|-1|8.79|2.47|234b49ef-3c9d-58f0-b367-855011311b9e
118389230|ASASSN-V J022734.90+285829.9|ROT:|-1|9.89|1.53|af46ab94-72ca-5c71-b9ca-00593f2df39e
119327278|ASASSN-V J062711.34-370608.9|VAR|668.4274291|8.59|1.79|85f9f1b2-f29a-586f-a544-a5945e4b1fd1
120315082|ASASSN-V J185829.50+391058.2|VAR|-1|9.99|1.68|cb05f61e-69ea-5477-a78a-ed41711befce
120334442|ASASSN-V J184206.93-555426.9|ROT|5.4131725|13.49|21.66|950349e8-9abd-59ac-933f-92b59036c346
120472041|ASASSN-V J150755.17-492339.0|VAR|-1|9.94|2.32|0a9da6aa-7f71-55de-b893-b2a5d211d07d
120566395||||||
121007796|ASASSN-V J034116.16-225244.2|ROT|4.3182011|13.01|24.98|e5486859-30bc-517f-9673-7774710393e0
121108244|ASASSN-V J190819.41+400246.8|EB|0.3951|12.4|0.18|aefb330f-7234-5136-a77e-00d2dd5e31fa
121134517|ASASSN-V J035200.20-215548.2|VAR|-1|10.78|0.43|c364599c-d1ee-5336-b9b3-cfe6619211b4
121277143|ASASSN-V J190952.39+375758.9|ROT:|726.9497697|10.94|1.24|f722bb45-8f72-564a-aa37-c29f5137ea0a
121420805|ASASSN-V J224720.04-475458.1|EA|1.7166247|11.47|0.19|4ea9528b-76f3-50d3-a555-4295511d582e
121475494||||||
121568625|ASASSN-V J043724.97-213847.1|VAR|-1|9.99|2.97|334d19c4-9f30-5d79-beec-5b956f9523b1
121595243||||||
122070918|ASASSN-V J191833.45+394630.1|EB|1.0648614|11.79|0.34|0f12090a-f5a1-50e1-97d4-98114e4489a3
123036723||||||
123042728|ASASSN-V J183645.57+431319.2|GCAS|-1|6.58|0.8|53540197-354a-5af3-824d-9b54d03b0343
123153249|ASASSN-V J073613.87-445728.9|YSO|-1|7.58|1.16|f50af4f1-d9c6-59de-9fc9-40f31c68f350
123416563|ASASSN-V J184843.96+434222.8|EA|0.5807261|12.33|0.23|2c93eb40-4a1e-51bc-bef7-61bdc6bd21c6
123573766||||||
123902605||||||
124106762||||||
125174457||||||
125258133||||||
126564822||||||
126602778|ASASSN-V J205802.31-460400.0|EB|0.712127|11.04|2.04|3fd6711c-9886-5200-942f-38d33676a85c
126637765|ASASSN-V J205847.05-423703.8|EW|0.273431|12.14|0.44|fccd2b37-4318-5288-946d-d000a7d105f2
126659093|ASASSN-V J210035.21-423920.7|VAR|-1|9.55|0.24|80107a1b-fd7e-50e7-acc5-398a49f9519d
126700850||||||
127420450|ASASSN-V J002257.59+384514.1|L|-1|7.4|2.87|ec6138b3-6eeb-5410-abf6-b39ae9c9af9e
127843848|ASASSN-V J052538.09+304112.7|VAR|-1|9.84|1.41|6308a548-b54d-5548-a43e-8d1fe4d78f12
127955334||||||
128886984||||||
129268651||||||
129287469||||||
129764561||||||
129782747||||||
129810365||||||
130158363||||||
131081852||||||
131119300||||||
135085261||||||
136995510||||||
137860956||||||
138256675||||||
139061135||||||
139371600||||||
139468902||||||
139700621||||||
139701741||||||
139721086||||||
139732428||||||
139825840||||||
139841210||||||
139845816||||||
139878414||||||
140039144||||||
140044682||||||
140048219||||||
140064648||||||
140142451||||||
140209204||||||
140212820||||||
140659978||||||
140659980||||||
140690428||||||
140736015||||||
140801898||||||
140891597||||||
140893238||||||
141126559||||||
141127435||||||
141148940||||||
141268467||||||
141333573||||||
141411713||||||
141542585||||||
141606986||||||
141607553||||||
141610759||||||
141622065||||||
141685465||||||
141770299||||||
141809359||||||
141867895||||||
141914317||||||
141975903||||||
141975926||||||
141978095||||||
142014932||||||
142018697||||||
142052876||||||
142080812||||||
142105466||||||
142108949||||||
142110536||||||
142148228||||||
142677613||||||
142783746||||||
142811934||||||
142875987||||||
142930937||||||
142945544||||||
143350469||||||
143924219||||||
144155582||||||
144194304||||||
144201318||||||
144458841||||||
144462697||||||
144514566||||||
145151809||||||
145755099||||||
146344020||||||
146439804||||||
146520491||||||
146522930||||||
146559012||||||
146559015||||||
146846569||||||
147083089||||||
147084337||||||
147114002||||||
147207533||||||
147302681||||||
147835092||||||
148274098||||||
148305766||||||
148544875||||||
148612685||||||
148781497||||||
148914726||||||
149121385||||||
149175965||||||
149248196||||||
149252961||||||
149346418||||||
149473467||||||
149573659||||||
149600376||||||
149629043||||||
149861542||||||
149926346||||||
150101472||||||
150101476||||||
150101799||||||
150143137||||||
150187916||||||
150300654||||||
150357064||||||
150357290||||||
150361911||||||
150429807||||||
150437899||||||
150440860||||||
150442264||||||
150443185||||||
151826930||||||
152223725||||||
152507230||||||
153166843||||||
153742549||||||
153991851||||||
154067797||||||
154222671||||||
154339231||||||
154511165||||||
155540827||||||
155884454||||||
155915231||||||
156067195||||||
156074324||||||
156758188||||||
156758257||||||
156832130||||||
157018051||||||
157273321||||||
157788279||||||
157889314||||||
157968186||||||
158016784||||||
158183591||||||
158218818||||||
158276780||||||
158321843||||||
158334003||||||
158366841||||||
158450472||||||
158579379||||||
158849879||||||
159105713||||||
159150734||||||
159208074||||||
159444225||||||
159464498||||||
159502560||||||
159510983||||||
159628659||||||
159723646||||||
159854359||||||
159871619||||||
160199003||||||
160328766||||||
160585813||||||
160618494||||||
160704414||||||
160991022||||||
161083755||||||
161638713||||||
161687311||||||
161744580||||||
163377314||||||
164544018||||||
164554097||||||
164646288||||||
164677806||||||
164782264||||||
164886585||||||
165147482||||||
165456443||||||
165626871||||||
165721304||||||
165991532||||||
166074503||||||
166319733||||||
166803688||||||
166833476||||||
166874908||||||
166933255||||||
166968742||||||
166969516||||||
167005326||||||
167086201||||||
167123437||||||
167201539||||||
167251459||||||
167303776||||||
167524561||||||
167526485||||||
167554898||||||
167656297||||||
167673218||||||
167692429||||||
167717848||||||
167717852||||||
167719897||||||
167747439||||||
167756615||||||
167792080||||||
167891342||||||
168191566||||||
168674931||||||
168675489||||||
168696027||||||
168697816||||||
169168102||||||
169316288||||||
169532543||||||
169573910||||||
169662927||||||
170246850||||||
170265784||||||
170516068||||||
170729895||||||
172742334||||||
173038281||||||
173077938||||||
173432542||||||
175182754||||||
175302441||||||
175400938||||||
175402069||||||
176252796||||||
176406202||||||
176910080||||||
177077475||||||
177258700||||||
177308817||||||
177310620||||||
177441630||||||
177961519||||||
178171080||||||
178242590||||||
178284730||||||
178352046||||||
178858648||||||
178938437||||||
179040607||||||
179295564||||||
179368346||||||
179623765||||||
179637067||||||
179637488||||||
180412528||||||
181062415||||||
189349514||||||
193774939||||||
193831684||||||
193948188||||||
193971913||||||
193994472||||||
194025647||||||
196815186||||||
196920546||||||
197933923||||||
198006960||||||
198011271||||||
198037741||||||
198076334||||||
198109209||||||
198240299||||||
198242676||||||
198242678||||||
198280388||||||
198354443||||||
198358825||||||
198366673||||||
198388252||||||
198408416||||||
198418712||||||
198457457||||||
198537349||||||
198555959||||||
199420503||||||
199661915||||||
199662929||||||
199688293||||||
199688409||||||
199688472||||||
199709055||||||
199716496||||||
200297691||||||
200363295||||||
200368010||||||
200373531||||||
200375020||||||
200440175||||||
200440270||||||
201186294||||||
201291281||||||
201747686||||||
202299805||||||
202442974||||||
202444594||||||
202490797||||||
202839485||||||
207385593||||||
207394908||||||
207398432||||||
211116547||||||
211215485||||||
213067604||||||
218988566||||||
219096494||||||
219107776||||||
219154792||||||
219173590||||||
219176881||||||
219201178||||||
219203188||||||
219222201||||||
219234021||||||
219244444||||||
219345200||||||
219346326||||||
219362976||||||
219373406||||||
219389540||||||
219421171||||||
219435542||||||
219738202||||||
219750638||||||
219771660||||||
219773223||||||
219790151||||||
219795383||||||
219859691||||||
219893630||||||
219900027||||||
219927211||||||
220015845||||||
220042007||||||
220082557||||||
220389612||||||
220391605||||||
220397947||||||
220402294||||||
220416446||||||
220420534||||||
220430912||||||
220474209||||||
220521199||||||
224308601||||||
224605072||||||
224605859||||||
224606205||||||
229476285||||||
229480487||||||
229495981||||||
229510866||||||
229585542||||||
229687624||||||
229689154||||||
229740848||||||
229751802||||||
229751806||||||
229771234||||||
229777486||||||
229804573||||||
229810745||||||
229910322||||||
229913521||||||
229914020||||||
229938859||||||
229975095||||||
230017324||||||
230063769||||||
230065962||||||
230086768||||||
230114503||||||
230273344||||||
230386284||||||
230955191||||||
231075361||||||
231093356||||||
231292500||||||
231714759||||||
231809798||||||
231822771||||||
231922417||||||
231972938||||||
231973885||||||
232030067||||||
232572560||||||
232629077||||||
232681393||||||
233006806||||||
233060434||||||
233195058||||||
233207585||||||
233211759||||||
233233639||||||
233390838||||||
233397725||||||
233460141||||||
233524881||||||
233531814||||||
233532554||||||
233544319||||||
233569141||||||
233659263||||||
233679640||||||
233684437||||||
233720276||||||
233722938||||||
233738458||||||
234211934||||||
234386436||||||
234451000||||||
235073221||||||
235598526||||||
235666667||||||
235718636||||||
236865152||||||
236973844||||||
237069277||||||
237104103||||||
237200747||||||
237234024||||||
237277760||||||
237278994||||||
237290473||||||
237917228||||||
237918394||||||
237941053||||||
238162237||||||
238776175||||||
238892775||||||
238896417||||||
238914431||||||
238917338||||||
240931244||||||
241078868||||||
241751294||||||
241843363||||||
242530449||||||
242944454||||||
243248327||||||
243319567||||||
244207973||||||
244208023||||||
244865631||||||
245035219||||||
245863693||||||
246745789||||||
247160445||||||
248399337||||||
248403190||||||
248410138||||||
248990782||||||
249943198||||||
250195155||||||
250196734||||||
250453538||||||
252096958||||||
252109307||||||
252791409||||||
253832770||||||
253844234||||||
254258206||||||
254278612||||||
255552705||||||
255565860||||||
255586667||||||
255700967||||||
255806138||||||
255921197||||||
255993777||||||
256298934||||||
256327585||||||
256640561||||||
256775514||||||
257648522||||||
258351350||||||
258773798||||||
258799793||||||
258923466||||||
259126645||||||
259128582||||||
259373684||||||
259408109||||||
259701720||||||
259850442||||||
259967623||||||
260003467||||||
260131665||||||
260132330||||||
260161144||||||
260162199||||||
260239481||||||
260304296||||||
260352096||||||
260370454||||||
260502102||||||
260504147||||||
260506296||||||
260654645||||||
260659986||||||
260709448||||||
260772408||||||
260778617||||||
261105201||||||
261136000||||||
261205462||||||
261332760||||||
261335113||||||
261646556||||||
261656371||||||
261749149||||||
261863003||||||
262434790||||||
262465161||||||
262613883||||||
263074592||||||
263635510||||||
264180664||||||
264537668|ASASSN-V J052557.14+045041.1|EB|0.9120666|13.74|127.34|9dc2adbc-0f55-57a9-93d4-01b27458a6e8
264540478|ASASSN-V J052650.17+030543.4|VAR|-1|5.44|1.33|8a373ce3-111d-5d7c-b064-cf60f3ccddc0
264594193|ASASSN-V J052305.48+010326.6|VAR|-1|7.75|1.99|c5ed83ed-f052-5b62-8d8d-4fbbecdc591b
264688425|ASASSN-V J071817.46+062005.5|ROT:|-1|9.82|1.59|413fa46a-f720-589b-a75a-19c900d89a7c
265613590|ASASSN-V J221238.43-541730.4|VAR|-1|8.42|3.62|bd005f48-18d8-58f0-928f-3911b4770939
266195807||||||
266610248|ASASSN-V J075605.38+041527.1|RRAB|0.4634461|14.64|1.3|c8732fa2-2c18-5648-9cf5-50d62137690c
266845051||||||
267542072||||||
268289462||||||
268772301|ASASSN-V J070119.27-030743.2|VAR|-1|9.49|1.15|1bee2d2f-a9e8-5a52-8c52-855041b96e86
269411609||||||
269609504|ASASSN-V J232238.06+651758.8|EA|1.8589044|11.89|0.72|ff5e9e7f-c097-5ca1-b569-79f68479c595
269696438||||||
269762258||||||
270341486|ASASSN-V J021258.91-812400.1|VAR|-1|10.73|1.31|dce90a32-73b3-59fa-a189-d7d317a65fc6
270491267||||||
270491865|ASASSN-V J152922.87+671231.2|VAR|-1|9.64|16.58|79f3cf8c-d495-5eca-b824-19e760e6532b
270665642|ASASSN-V J233205.51+640053.9|EB|1.5746014|12.08|0.49|a871bfe6-5758-5de1-a217-2b744078e9af
271013213|ASASSN-V J074454.06+083305.4|EA|1.2391361|13.48|40.55|7cd98a70-685f-5fd6-a93b-77b9e5cf1fc1
271040768|ASASSN-V J193800.09+464140.5|ROT:|-1|16.23|19.61|7e4ebc1d-5800-51ce-955e-f1da66512a57
271529021|ASASSN-V J233743.01+641809.4|GCAS|-1|10.53|2.8|abbd0c17-9e37-52df-aba8-acdaf6f6db71
271547896|ASASSN-V J194054.76+464705.9|VAR|-1|9.94|0.29|5b6ba61c-2d80-5897-a965-f327a214d0b5
271550131||||||
271596290|ASASSN-V J071402.13-744241.4|ROT:|-1|10.88|1.34|99f7047e-3c85-5584-9100-d1475e4ba495
271763731||||||
271773721||||||
271900514|ASASSN-V J073228.27-744552.6|ROT:|-1|13.41|0.26|8d967025-0b04-546f-914a-2aa69eb8b2e8
271900941||||||
272086159||||||
272086869||||||
272179220|ASASSN-V J194414.07+424009.9|ROT|38.173923|13.15|0.38|a573bab6-3804-5c26-adb4-17f00d2fc357
272650576|ASASSN-V J153257.81+704215.5|ROT:|-1|9.13|1.49|399206f9-a19c-5f3e-8586-23665a78067e
272839425||||||
272944291||||||
273043307|ASASSN-V J194834.44+461343.0|EA|3.5564507|11.29|0.48|292bb471-6fdb-5212-89f7-9948f8d91e0b
273792220||||||
273861698||||||
273885188|ASASSN-V J201847.23+362027.1|VAR|-1|8.93|1.11|cea2acff-39b9-5ed0-8f81-6b132921b7f4
274039489|ASASSN-V J031452.09+020607.2|ROT:|-1|17.08|0.28|a679ac13-1ebe-53e1-b844-6f508c6697ad
274088422|ASASSN-V J031759.13+023010.3|VAR|-1|10.63|0.37|2d3a1264-b17e-50fd-888b-e8da18d8fab7
274129522||||||
274135602||||||
274238240||||||
274509791|ASASSN-V J165618.44+524155.2|VAR|-1|7.75|2.79|a1fc754f-711b-5e47-b8aa-712e68a6b32a
274551602|ASASSN-V J165659.13+494647.9|EB|0.3803118|13.63|0.94|6c9257aa-5c17-5df2-a9f5-b82f2825d87d
275367529||||||
275489982||||||
276232142|ASASSN-V J034503.92+704334.1|VAR|-1|10.85|1.74|922421db-9393-5d70-9756-870744e5c704
276456395||||||
276935987|ASASSN-V J053448.27-694235.6|EB|4.2508645|13.03|1.23|95215c3d-8d3a-5312-ba6b-861caa8ea763
277943745||||||
278003738|ASASSN-V J185702.00-344912.7|ROT:|-1|10.57|4.51|e7258db3-007a-586b-a83b-c3beb38f8251
278180434||||||
278270436||||||
278352995||||||
278683641||||||
278731274|ASASSN-V J063806.72-560452.9|ROT:|-1|14.18|0.07|eb652089-c81a-548b-93ac-9e33e7b29c79
278780044||||||
278825952|ASASSN-V J064152.94-554741.9|EA|4.7811257|11.96|0.14|f263d183-a375-5e6c-97ce-d455b9178f46
278863150||||||
278895603|ASASSN-V J064418.77-552713.2|VAR|-1|10.29|0.78|2fb3bb1d-8d02-51c7-8cf2-271f5bd3ace7
278956474|ASASSN-V J064541.27-570817.1|EA|5.4878621|13.56|0.15|76daddb8-914f-5412-904d-397761f7419c
278988794||||||
279081935||||||
279087522|ASASSN-V J065014.18-545943.2|VAR|-1|9.93|1.51|203a67f4-61cf-5ae4-8a5a-0a9b1382384b
279089927|ASASSN-V J065030.29-583758.2|EW|1.9059374|12.4|0.28|1daa8b2e-b146-5273-b466-ee370b088d41
279156705|ASASSN-V J065226.97-552439.0|EW|0.7228732|11.38|0.78|81a1d938-e7c1-5ed7-9299-ed1017e3e606
279202406|ASASSN-V J014206.68+704339.2|EA|4.922639|11.73|1.3|e29fd0fd-ba18-5a18-916f-87d59f94a2a0
279254042|ASASSN-V J220533.39-432043.8|EB|0.5968791|11.38|0.09|3497ad6f-2d85-5808-b63e-a579ff897244
279401848|ASASSN-V J035013.85-173910.7|EW|0.3521575|12.11|0.82|06e2d8c9-a070-51dd-a80d-521fd755e098
279462605||||||
279569707|ASASSN-V J070352.35-573743.6|VAR|-1|9.34|1.18|bc2bb65e-111d-57c8-9786-8cb70fe5bd2f
279569718|ASASSN-V J070352.35-573743.6|VAR|-1|9.34|68.27|bc2bb65e-111d-57c8-9786-8cb70fe5bd2f
279570232||||||
279572906||||||
279615979|ASASSN-V J070522.53-594336.0|EW|0.48146|12.87|0.33|8afffe66-dee2-52bd-9d3f-bec39eb5812a
279741942|ASASSN-V J032716.71-611534.8|VAR|459.7444807|8.37|2.84|06e6f3fb-eb66-5acc-8cb8-58cdaf074a78
279955276|ASASSN-V J052834.67-683613.6|ROT:|-1|11.65|12.29|534fce1c-0dff-5702-ad7b-55f9ef72a224
280033934|ASASSN-V J195021.68+701716.4|EW|0.2787729|11.25|0.36|13710167-5d1a-53d5-8ae0-232f65ef8f3c
280564453||||||
280685089||||||
281114303||||||
281498280|ASASSN-V J002526.46-552841.4|EA|0.3753125|14.56|0.95|e5e91c05-7c9f-5454-8231-0080b3b81030
281577119||||||
282270717|ASASSN-V J055824.42+015016.1|GCAS|-1|11.15|2.65|3c0bac28-79dd-5675-9de7-112b18ea81b9
282925798|ASASSN-V J150750.54+630702.1|ROT:|-1|7.4|2.63|4fdf1c3d-cd5e-5c37-bd05-dd4a0581f46b
283677584|ASASSN-V J040849.65+102748.1|VAR|-1|9.08|1.1|1fe61908-1d99-5035-8ac2-80e8b0c37dc4
283987930||||||
284050381||||||
284364590|ASASSN-V J192304.24+560804.8|VAR|-1|10.82|1.79|ef389b63-f961-567a-9108-2d61487a14b7
284445951||||||
284595199|ASASSN-V J131506.77+440233.6|ROT:|-1|9.72|1.65|7ee201af-616d-5c26-9156-e088a2caa2cd
284611896||||||
284613090|ASASSN-V J071625.58+054854.8|ROT:|-1|10.26|1.72|26bcb852-2815-515a-9896-465b21c9bde5
285181196|ASASSN-V J022050.98+332046.0|DSCT:|0.1926337|13.44|0.67|b5df3616-90f1-5676-bc54-fbb8d7561c6b
285516033||||||
286169292|ASASSN-V J151103.77+525030.0|EW|0.44043|11.29|0.13|104d5cd3-3af9-52b7-be44-6036a0d7bb94
286358203||||||
286956931||||||
287151976||||||
287256222|ASASSN-V J171519.68+175802.6|VAR|-1|10.27|0.79|5bc1c1cd-2c95-564e-b64b-93dde05e1c0c
287326187||||||
287328866||||||
287351976|ASASSN-V J081043.46-723245.1|EA|1.9219276|12|0.44|d71423aa-0f53-5294-b7e1-7beb878f9a7d
288312840|ASASSN-V J173039.06+785553.1|ROT|0.7590511|11.34|0.56|ddf2912f-8c23-567d-9a1d-8a4906888693
288346083||||||
288471108||||||
288517585||||||
288778712|ASASSN-V J205836.47+513530.4|VAR|-1|10.01|0.55|56ba6a6e-5588-5be5-8483-14b084837c44
289166536|ASASSN-V J183016.38+410508.4|EW|0.4688099|11.53|1.05|c78b417a-f243-50f5-9dcc-03ed3a6d2cac
289370888|ASASSN-V J183216.23+415046.4|EB|0.8607937|12.37|1.1|98cf78c4-ebfb-59d2-8ee5-f6acbefb61a9
289379110|ASASSN-V J183315.65+374513.5|EA|1.948801|11.45|1.06|939f7de1-1c08-5619-a29e-4d97cd975c03
291340620||||||
291385340|ASASSN-V J061727.31+110019.1|VAR|-1|11.09|1.86|c1b33935-93d5-5ead-94a1-a86d0a7bfce0
291466214|ASASSN-V J072449.69-512829.2|VAR|-1|8.1|3.09|1bfe3b76-dde5-56da-b826-4f63090296e7
293151358|ASASSN-V J172329.95-675545.8|VAR|-1|9.26|0.74|ee979e67-4b71-58cd-b16f-27263d55ed85
293345927||||||
293480903||||||
293525651||||||
294092960|ASASSN-V J070923.50-572948.6|VAR|-1|9.86|25.26|ffc7c6f2-51a0-5beb-ac1a-3c73efa67b9c
294092966|ASASSN-V J070923.50-572948.6|VAR|-1|9.86|2.55|ffc7c6f2-51a0-5beb-ac1a-3c73efa67b9c
294200378|ASASSN-V J173940.37-665845.8|EA|5.9690848|11.16|6.76|786390bf-6f24-5e3d-863d-924901b770db
294206429|ASASSN-V J071210.32-595023.5|VAR|-1|8.45|2.18|af5e9d2d-0cbe-5d17-99a7-313e342b9cc8
294206967|ASASSN-V J071313.04-591848.5|EA|2.7580131|12.75|50.8|c2df1534-33bb-5b55-a15d-52e1374af263
294261093||||||
294273900|ASASSN-V J071450.69-591604.8|VAR|-1|9.52|0.36|0092c515-f1ab-59b3-89c3-a9a49e4a00ab
294327312|ASASSN-V J071529.20-583227.9|VAR|-1|8.4|5.6|f33aaf47-faa4-50c8-891e-960abaeb99c9
294396726|ASASSN-V J071643.29-562348.9|EB|0.8994857|11.46|0.28|454e9ef6-2042-5745-8868-f7f0456560b8
294784522|ASASSN-V J044516.00-705958.5|VAR|625.218899|9.81|1.39|ac9a9de7-4a3f-5ac8-8c34-ab140a0fb870
294929861||||||
296184440||||||
296638064|ASASSN-V J092627.32-511029.5|ROT:|233.7020824|8.7|1.72|02486983-670d-50a2-80e7-253e7faaf220
298246821|ASASSN-V J145628.38+462144.6|VAR|-1|10.27|0.69|efea127e-175b-55a4-acfd-b04c005369af
298541138|ASASSN-V J172659.41+244147.9|EB|0.7490516|11.49|1.14|5bc79ec9-9016-5af6-b951-117341f5d680
298661555|ASASSN-V J180947.49+490254.7|EW|0.2278757|14.13|0.58|102015b4-9acf-5287-b081-da2e1ac0694c
298666271|ASASSN-V J183324.00+584222.7|VAR|509.2382552|9.34|3|acbb370d-034a-5b42-8052-b87ef96eec2b
299160301|ASASSN-V J191644.54+503846.5|VAR|857.2266438|9.39|1.35|dae86d8d-2e37-5573-88ab-6423584388d7
299219025||||||
299443090||||||
299702740||||||
299778628||||||
299899924||||||
299906906||||||
299948201|ASASSN-V J135240.21-631509.4|VAR|-1|9.19|1.18|eb9afa99-d303-59c6-88cc-abfbb3391fbe
300560295||||||
300654002|ASASSN-V J073739.97-693233.6|EA|2.7581964|10.8|1.44|d8394388-450c-593b-a897-7c72cbe11d4d
300871545||||||
301022235|ASASSN-V J030956.37-445931.2|VAR|-1|9.69|2.25|bb9157a7-44fd-5386-a655-b03aa75f3d21
301264684||||||
301323571|ASASSN-V J115338.07-551823.0|VAR|257.7316184|9.87|1.06|5903fbbb-c331-5e12-9318-67ffc118b514
301741204||||||
301859899||||||
301956407||||||
302136704||||||
302146957||||||
302384263|ASASSN-V J021218.75-133042.9|ROT:|811.8427094|10.6|2.13|1f2d0a37-dcca-5a47-aaed-a6054746347a
302386283|ASASSN-V J024629.65+521627.2|EA|2.6189791|14.71|31.6|2c44524d-cc19-533d-bc06-db2106a1b53e
302625238|ASASSN-V J015323.76+700233.3|VAR|-1|9.09|1.35|73579562-10c8-5ed6-ad5b-66c251fea66d
302686340||||||
302773503||||||
303255899||||||
303909865|ASASSN-V J013112.32-755651.5|VAR|-1|9.89|1.57|4419295d-1e21-5a82-8e45-fa11f996b52a
304033253||||||
304101379|ASASSN-V J015023.73-734617.7|VAR|672.1057585|8.64|5.76|9454d29f-ab93-5db6-897d-086633a3f1bf
304458680|ASASSN-V J105950.10-593603.4|RRC|0.4208372|13.62|88.82|0159cad1-cda8-5e9f-b565-533cefb364a5
305386053|ASASSN-V J214833.66+405836.8|EA|1.2420149|12.67|0.98|6ba177bc-e932-5d83-957d-74b2bf420758
305399324||||||
305399325||||||
305430209||||||
306263608||||||
306578324|ASASSN-V J075700.08-663550.9|VAR|547.2067572|9.91|1.3|81f0b78c-e9e5-552c-9b1b-6e98732367e5
306580215||||||
306773020||||||
306956190|ASASSN-V J005550.23+504612.5|VAR|-1|10.14|0.48|1b4ec514-a929-555d-9278-5598a19a5740
307016006|ASASSN-V J063308.12+165236.9|EA|3.2948757|15.1|40.56|7cef9336-74a5-5799-83a0-96065de4e383
307062898||||||
307084879||||||
307085577||||||
307216760||||||
307297481|ASASSN-V J071318.30-143446.2|L|-1|8.88|0.96|d394d8fe-d33c-5c4c-b020-aeb136b0580f
307433122||||||
308396022|ASASSN-V J080102.29-634029.4|HADS|0.0757371|11.35|0.81|243e39f5-fd61-5b90-9d77-9576dba85f64
308402602||||||
308451526|ASASSN-V J080255.98-640425.0|ROT|0.7892706|12.79|1.05|f695cdd3-e0f7-5c35-b61e-dac698dc2314
308453624||||||
308457026|ASASSN-V J080341.78-615523.9|VAR|-1|10.36|1.11|7e595fdd-8835-51b4-8de2-878a85e40172
308542383|ASASSN-V J080443.05-625006.8|VAR|586.8189835|7.05|3.97|afcf4297-322d-58d9-a24c-9d3595fda888
308991822|ASASSN-V J081226.92-653240.4|VAR|282.8690102|9.71|2|9a274866-07fe-50c3-9e98-d91bcbf6c152
309146836|ASASSN-V J081519.65-625645.3|ROT|0.9897288|15.05|111.76|c36703f6-69e6-5ab7-bdc5-c91d73c34bc0
309658221||||||
309720946|ASASSN-V J141309.61+533754.3|EA|4.607223|12.33|0.91|7f4e33f6-8f1e-5bbf-ad6d-0a984998dc2c
309809572|ASASSN-V J150109.58+484816.0|EW|0.32681|12.09|0.51|487d656d-3a52-53d0-b9f7-c136befb76e0
309828087||||||
309908721|ASASSN-V J054247.35+110711.5|EA|2.8338038|12.69|19.67|2d372e7b-f7c5-549c-83c2-8d92f8804750
309998013|ASASSN-V J141617.76+761240.0|EA|1.27406|12.58|2.44|a26dccea-9faf-5d5a-9435-5e55ca90e22c
310004006|ASASSN-V J145920.43+464903.8|VAR|-1|9.47|1.56|44886390-0972-59c9-a661-b9049611c996
310170268||||||
310308203|ASASSN-V J083220.25-655028.2|VAR|-1|10.52|0.27|bff165b1-bf0e-5f6c-bdff-6e95b09681a2
310556491||||||
311070085||||||
311128363|ASASSN-V J033910.83+110523.4|VAR|-1|10.41|0.67|0209ee68-357d-55e5-820e-75fd3b525216
311183180||||||
312060302|ASASSN-V J004044.21+585053.7|EA|0.9805023|11.54|0.22|9c75ec8e-d9f7-53b9-bf33-fc8299da2b81
314459000|ASASSN-V J211629.12+552310.0|VAR|-1|9.87|0.38|671fca9f-71c5-5ad6-9fb1-e837fd7c3513
315810194||||||
316450573||||||
316520410||||||
317191077||||||
317250858|ASASSN-V J080951.84-843604.2|ROT:|295.2866725|10.35|0.5|264d4abe-88ae-581f-bff0-a914c1496d9a
317470793|ASASSN-V J232224.14+725456.2|EW|0.4174332|11.32|0.51|60971055-587e-5bb6-911f-9ab07cf3938e
317651704||||||
317839169||||||
318512022|ASASSN-V J113317.66-634447.1|ROT:|-1|13|28.55|d1212541-37ce-542c-9514-aa981f09ff47
318937509||||||
320205468||||||
320415482||||||
320536498|ASASSN-V J080010.71+095129.0|VAR|835.245157|9.35|5.08|3188b299-bb2e-5ee0-a5e7-a9b6296025ff
321656644|ASASSN-V J114149.42-632451.4|L|-1|8.58|1.08|567c7f98-ec87-5bc9-a497-1db1549c1c67
321724822||||||
321818578||||||
323282620|ASASSN-V J033022.38-360313.5|RRAB|0.608422|11.09|0.23|52313ff1-0463-53c3-b9e0-b4d24b9a951b
323292655|ASASSN-V J084318.71-790520.5|YSO|-1|13.42|71.14|7f792143-a80d-5e62-80eb-2df6ac126207
323301918||||||
323442776|ASASSN-V J044336.44-844839.7|VAR|-1|9.45|0.72|b9aa5db8-6840-5f4a-b63f-19f1058b6b24
323727556||||||
323968843||||||
327012081||||||
327121759|ASASSN-V J001330.13+581660.0|EA|2.9901008|11.6|0.97|0c97d9d0-b335-59bb-bce7-5234ab55ba17
327251785||||||
328417482||||||
328860378|ASASSN-V J121911.55+291201.4|ROT:|-1|10.3|0.21|e3c9e8b3-5e59-5a97-a437-358ca647cd0d
329246824|ASASSN-V J173532.25+574808.9|EB|0.5876854|11.45|0.72|01eee5b8-cb3b-5629-b5d5-e774ba704622
329248002|ASASSN-V J173516.20+550013.1|VAR|652.475833|9.16|1.23|48e3f654-915b-5ded-9f3e-f75c23458c2a
330847328||||||
330998582|ASASSN-V J204109.41+211337.3|VAR|-1|9.64|48.66|7951043d-05c6-52a3-83af-bae9942de57d
332079835||||||
332204084|ASASSN-V J080154.95-121447.4|EW|0.3808935|14.95|97.78|840ab8d6-1b22-55c8-972d-776e06ee13a3
332891271||||||
333247721||||||
333642126||||||
333804979||||||
336168208||||||
336485975|ASASSN-V J184510.91+284110.9|VAR|-1|10.03|1.57|b309e2d7-6b8b-5ae2-8f60-31e2352f694f
336767770||||||
337028799||||||
337440887|ASASSN-V J180304.29-524320.8|RRD|0.4760793|11.99|0.37|c9571673-fe92-53b8-b466-383919501ccd
337886863||||||
338071673|ASASSN-V J223115.91+633121.4|GCAS|-1|9.21|0.77|e503de10-a3f6-5054-92eb-56a6a5048d08
339258033|ASASSN-V J193803.48-603639.7|RRAB|0.5671176|12.62|0.72|3bffd07c-170a-5d3c-8729-b9b38b68ca55
339731418||||||
339960875||||||
340065168||||||
340110295|ASASSN-V J184222.12-474537.5|VAR|468.1009537|7.28|3.89|abe1c73b-fe11-568b-a953-c1d7375b9606
340633943||||||
340985103|ASASSN-V J075229.39-542159.7|VAR|264.1120678|5.92|3.64|b93c886d-766d-5936-9f7f-12b44239fbae
341040660||||||
341309569||||||
341487695||||||
341550561|ASASSN-V J080215.75-553224.9|VAR|597.8062846|6.89|2.32|2e32db16-c877-51b8-8401-d5e3f1e69032
341615749||||||
342010156|ASASSN-V J175838.53+220844.2|ROT:|-1|9.84|2.15|7d356f00-0fa3-533a-a950-191ce31816c4
342061072||||||
343422347||||||
343553606|ASASSN-V J224600.69+574649.6|EW|0.8050727|11.72|0.34|e3cb43c3-0d77-5658-bbe2-acde3725b960
344031627||||||
344175457||||||
345170707||||||
345482340|ASASSN-V J043404.45+084402.2|EB|0.365068|13.12|0.13|4323706b-786e-5eef-8157-15a63f804baf
345919804||||||
346181153||||||
347552724|ASASSN-V J030027.02+021100.7|VAR|-1|10.34|1.23|971d5a7a-0f1b-59f1-bed4-f60bf9699bc5
348319604||||||
348839788||||||
348898049||||||
349057976||||||
349059354|ASASSN-V J071001.34-643706.7|EA|3.3293404|11.53|1.87|0ed3e32b-0a73-5e42-a027-99aabf898c9e
349091359|ASASSN-V J071058.19-603152.9|EW|0.3874847|12.88|0.07|4c044021-21bf-59fa-839b-fe9a7a3142f9
349154435||||||
349156098|ASASSN-V J071248.12-644302.2|EA|1.2015065|15.6|41.74|b1a55ab7-e994-5a47-9cee-64a4a0aa3225
349195685||||||
349308842||||||
349309442||||||
349310205||||||
349409844|ASASSN-V J072140.68-615703.2|VAR|-1|7.5|2.94|241e0f7a-bcce-5cc3-aa41-14b53c9cb019
349480507|ASASSN-V J072344.98-650036.1|ROT:|-1|9.74|2.88|318eb475-19c4-5635-999e-0fc100834ae7
349518145||||||
349518800||||||
349519544|ASASSN-V J072452.50-630043.2|EB|18.7550006|11.28|1.18|9fb9d9c3-48fa-5ff9-ac2d-d5a8589fe960
349523518||||||
349642881||||||
349790953||||||
349832824|ASASSN-V J073435.48-645639.6|VAR|-1|10.82|1.04|8b96d3af-44d9-5822-98c8-cf7be6025bd0
349835367|ASASSN-V J073458.50-634403.7|VAR|-1|10.22|2.66|eecc7c10-9413-57bf-ae7d-641e1105e584
349972148|ASASSN-V J073840.70-614907.1|ROT:|-1|10.8|1.16|e759715f-0848-5b8d-90c1-edec92d56fe7
350030939|ASASSN-V J073903.49-603709.5|VAR|-1|10.18|1.96|55e68bca-759c-5739-90b9-fbdbe1875c4c
350142099||||||
350146577|ASASSN-V J074336.77-632354.6|VAR|-1|8.77|2.19|7efd40f2-fd51-5477-a79a-b3dc81910d65
350297040||||||
350298314||||||
350443417|ASASSN-V J054113.13-572628.6|VAR|-1|9.42|0.62|fac0b667-50be-5c31-b486-047b308cd1b4
350445771||||||
350478924|ASASSN-V J054310.56-584533.6|VAR|-1|10.29|0.08|48de37a3-566c-5d0f-aa49-982efd9bb6aa
350479101||||||
350480660||||||
350522254|ASASSN-V J054530.75-553439.1|VAR|702.6843014|8.17|2.3|f045f77b-b375-5743-a05a-f579a3037254
350561815||||||
350622185|ASASSN-V J055009.89-564821.8|VAR|-1|9.21|0.74|724c45c0-687a-5cdf-af04-33b1cc640b27
350740905||||||
350764481||||||
350765919|ASASSN-V J055706.83-593532.7|SR|517.4515741|15.87|43.86|bd9b0fb6-8b3b-5b35-95a4-951588083591
350954272|ASASSN-V J060324.58-552822.3|EA|3.3237318|11.8|1.25|45e82e07-2b3b-5023-89f6-8c4cd1cf4320
351556896|ASASSN-V J203800.50-642637.5|EB|0.3226929|11.34|0.61|e0af7922-54ee-509a-bacf-ef3750d5620a
352110251||||||
352165018|ASASSN-V J202100.72+491219.4|ROT:|-1|9.58|0.71|7623807d-bb2d-59cf-bb60-19802007660c
352979549|ASASSN-V J204318.85+722230.7|EA|1.1619695|11.49|2.16|67b57aeb-a96d-5b33-856f-1afdd32a41de
353077789||||||
353854078|ASASSN-V J180433.67+582352.8|EA|5.1697511|10.45|2.33|e2c00e63-22e7-5df0-919c-be9be3e689e5
353894978|ASASSN-V J180644.67+562424.1|ROT:|-1|10.84|1.27|a505dd78-d92f-5358-b628-aa615d2b1dd4
353939279||||||
353987913||||||
353989471|ASASSN-V J181011.14+553819.7|EW|0.309704|11.19|0.19|775c72dc-da19-5754-b0b3-53ff4f31ccd5
354014743||||||
354385277|ASASSN-V J231014.16+731840.5|EA|5.8922926|12.86|17.95|39353c99-712a-5b57-a462-113d65fbf061
355151781|ASASSN-V J084018.13-645016.3|GCAS|-1|9.02|1.13|bbff06a2-fb5b-5ff2-a28c-90de8dade4c3
355152971||||||
355357949||||||
356015357||||||
356015361||||||
356150515|ASASSN-V J174555.38+523805.0|EB|0.6121404|11.98|0.39|0f4eda78-2e44-5545-91b0-38f6bfdc21aa
356340346|ASASSN-V J175327.30+522308.0|VAR|-1|8.65|1.93|a68effef-d163-5d74-b2bb-ca3a487237a1
356524567||||||
356701798|ASASSN-V J165922.95+703436.8|EB|1.0725639|10.94|0.04|546ae4b8-fa8c-5ff6-9f54-cea09bdb5b58
356820646|ASASSN-V J175805.90+730725.6|EB|0.79438|11.47|0.11|e6e6ba1f-2a37-5d38-8f82-39c3fef960be
356896561|ASASSN-V J181240.92+544605.7|VAR|-1|9.47|1.16|75e1a8d1-faef-5830-b8ea-435947fb8254
356974629||||||
357047278|ASASSN-V J181821.98+552626.7|VAR|-1|11.84|22.08|dcc0c47d-544f-52f7-8abb-eb5c6bec8123
357345626|ASASSN-V J130133.03+283753.8|EA|3.6424245|10.02|1.1|233ce61b-05aa-57e0-9410-246f523d2b8d
357790008|ASASSN-V J182819.39+440923.8|EA|2.1681091|11.39|0.75|41215846-c05f-5f40-a822-136451174091
358018764|ASASSN-V J082517.54+842523.7|EW|0.3297433|12.39|0.45|25dafc38-c392-57ae-9f7d-3cc16e97fe84
358108063||||||
358179405|ASASSN-V J070819.65-741327.0|EW|0.2917915|11.92|1.66|471b6a75-9260-5bad-aac8-8b750fd0973a
358335586|ASASSN-V J050901.09-550029.1|EA|1.2213071|13.14|41|4d1fd252-3e5d-5a71-b524-3f23ffd7333f
358510596||||||
358659512||||||
359188252||||||
359390362|ASASSN-V J172741.39+274502.9|EA|4.725085|12.2|0.99|8bae8653-b5b7-5f60-9b46-930b4b398ca1
359497418||||||
359552377|ASASSN-V J183739.31+574340.3|EA|3.4391422|12.85|66.37|33eb6a3c-2515-565e-b1a5-126a09b6ffcb
359588615||||||
359631482||||||
359675849||||||
362104293||||||
362220700||||||
362520882|ASASSN-V J094130.48-523128.8|L|-1|13.92|49.66|0da75b29-feb1-5143-8718-b2715ddbe2ed
363149298||||||
364186087||||||
364302118|ASASSN-V J051254.37-614155.3|VAR|-1|11.02|0.06|00d149ab-c15a-583b-8f75-fe564c6a1f25
364395234||||||
364399376|ASASSN-V J075902.59-613503.0|VAR|-1|8.13|2.56|4aaffd87-61fe-5ee9-8061-810891767e25
365070128||||||
365368501|ASASSN-V J030830.93+102643.7|VAR|-1|9.67|0.45|fe45586d-6569-5359-88ab-953e1f5aa3eb
365428002|ASASSN-V J031400.88+112700.7|VAR|-1|10.8|1|523d5a82-c358-538d-887c-dd558814c648
365694569||||||
366557556|ASASSN-V J220710.72+722223.7|VAR|-1|7.68|2.23|dd9a73aa-6aa2-5ea5-a432-fa6aecb3c4d3
367681735|ASASSN-V J162749.46+725818.4|EW|0.2567978|12.8|0.07|f11997c5-00cb-5fe1-8d0e-c72eb9218f09
367835766||||||
367838785||||||
368208585|ASASSN-V J173944.97+175842.9|EW|0.2757057|13.7|0.46|69c4f00d-bc3e-5e63-ab58-485962d29dd3
368260545||||||
369334982|ASASSN-V J052505.35+415103.3|EW|0.3087844|14.59|102.56|efc653f9-f21a-5e8d-8800-e3e5ca3c23ae
369506001||||||
370065236||||||
370134610||||||
371839073||||||
372419506||||||
372743588||||||
372758722||||||
372816629|ASASSN-V J042744.58-581200.7|EW|0.9090169|12.29|0.24|8e048fbe-57e3-541e-b66c-738d28112e6a
373844472||||||
374040120||||||
374704025|ASASSN-V J020428.77+594547.8|EA|1.8335912|13.11|43.9|0036a8fc-f797-5b5a-80d5-cbdb32eb6d30
374828411|ASASSN-V J033959.06+031429.7|EW|0.2827095|11.55|0.12|fe16e6d0-18db-524b-9b7b-b714e06b9e91
374944608||||||
375599392|ASASSN-V J221828.01+695139.6|ROT:|-1|10.51|1.62|8988bbf4-d37c-5a7a-b4dd-b5d519519ef0
375853985|ASASSN-V J222515.92+701434.0|EA|2.3337219|11.87|0.06|2f38d11a-ce40-5866-9eae-22d5a166f618
376593757|ASASSN-V J054632.08+723354.9|ROT:|-1|10.82|34.88|10300e95-ab22-5b4a-affd-d01cb4693a94
377055044|ASASSN-V J190030.72+591214.1|EA|1.495644|14.04|0.14|be64c179-f8a8-59d0-a688-08a1ffe5385f
377190161|ASASSN-V J190241.93+584358.8|ROT:|-1|10.54|0.94|5e6e89b9-2588-5e6e-aed8-7fa631b7cd8d
377192659|ASASSN-V J190339.71+572727.1|VAR|-1|8.63|1.74|303d11ea-1c3b-56fc-9beb-da041ff46123
377192675||||||
377296926|ASASSN-V J190715.54+550046.9|EW|0.4313885|12.33|1.68|3e3c97dc-70c7-5dbf-9bb4-b7fb970b5b86
377307592|ASASSN-V J190756.64+592351.5|EA|1.1928326|12.35|0.55|f2726428-0515-50db-97bb-d3d911c7b3e9
378363284||||||
379628820||||||
379631121||||||
380618779||||||
380651349||||||
380783252||||||
381948745||||||
381950094|ASASSN-V J050645.10-590303.4|VAR|-1|9.46|1.4|baeef474-a664-5da8-a7c4-4787bd873211
382028425||||||
382069435|ASASSN-V J051837.50-580311.6|ROT|10.9544903|11.48|0.66|7c04da25-f18e-55db-bcb3-1ce05ba1a9aa
382160146||||||
382188882||||||
382517745||||||
382631678|ASASSN-V J075515.06-604854.5|EW|0.3324702|14.79|35.51|28346788-efc8-5dbf-8796-3debcc5f5c78
383346621|ASASSN-V J121518.40-632530.2|VAR|161.0506083|8.89|0.53|7429a3f9-e7cf-54fe-99dc-22cea8447d07
383427491|ASASSN-V J130200.59-873955.7|VAR|292.5603015|9.44|1.91|e5fcf601-81c3-52de-aa5f-0a6605c17b6a
384031569|ASASSN-V J090231.69-565321.5|ROT:|-1|10.54|0.85|564086dc-e4a9-5d09-8006-eec6d31ff354
384742846||||||
384992041|ASASSN-V J032139.69+472718.6|R|-1|11.54|0.33|f5d088b6-f7fd-5fa8-b8e5-22db23086157
385041086||||||
386687697||||||
387237076||||||
387513120|ASASSN-V J025155.29+082457.6|EW|0.3036314|12.09|0.36|8565f2eb-2e24-5988-acdd-db6e966c82bd
388179896|ASASSN-V J032735.31-725054.5|VAR|-1|10.75|1.38|7774e7b5-b729-5a58-9726-65250ea0f390
388508344||||||
388602832||||||
389015383||||||
389510663||||||
389669796||||||
389761749|ASASSN-V J013236.85+615811.3|GCAS|-1|9.61|0.82|668b4f28-b2c4-538c-aa96-976c527541e6
389922504||||||
390021728|ASASSN-V J183110.57+562502.9|EW|0.3020354|12.04|1.08|349423eb-7ff6-5609-9f72-a6e2dc254d0b
390408482|ASASSN-V J025216.29+624656.9|VAR|-1|9.42|0.94|dfd5d431-1578-5355-a4df-442d9ee7fced
390632932|ASASSN-V J124501.40+075705.7|ROT:|-1|10.32|1.99|2984c698-bc3f-58e6-a6f3-e4a4aa6b4175
390668263||||||
390896668|ASASSN-V J032839.46+622937.3|VAR|548.0352641|9.28|3.08|fd41c0eb-9556-58b5-82cf-9298cbab9dea
390955053|ASASSN-V J104406.59-635740.4|VAR|-1|5.19|1.92|ef50de4f-ff83-5c38-8ba5-ec4fa2a950fe
391887389||||||
391927558|ASASSN-V J070959.49-720808.9|EB|0.542919|12.87|0.86|cbc35872-e20f-51bd-aec4-64474912b7f2
392536812|ASASSN-V J184152.19+580323.1|EW|0.5909941|11.56|0.21|caf2caf8-2ba6-5eae-a185-2157bf33deb1
393491149|ASASSN-V J043023.91-592805.6|EA|0.554348|12.76|0.06|e967f592-b1e9-5705-a425-2e62d6708bdd
393672471|ASASSN-V J132130.82+023735.8|VAR|-1|10.98|102.76|ba1f7a71-9756-5755-b9a4-e5b79873f155
393871721|ASASSN-V J172441.55+135357.7|EW|0.4576166|11.23|0.07|86b33421-a005-5d7a-a97a-41c8f346df09
394179296|ASASSN-V J191905.84+382200.4|EB|0.730934|11.72|1.25|4fea1acf-f154-5735-87d4-ddeaf8a6f57a
394230860|ASASSN-V J031114.12-740242.0|VAR|-1|10.59|2.82|c902523f-57d3-5a6d-9384-8f42f20829cf
394452884|ASASSN-V J101503.05-811214.4|VAR|585.9149277|9.26|0.21|86783c23-f392-5c7f-8ee1-6d34a011db16
396170777|ASASSN-V J195531.09-711540.8|VAR|-1|10.33|0.67|0097e627-e71a-560d-bfdf-bf4efdc85044
396424970|ASASSN-V J141221.04-740319.7|DSCT:|0.1393441|11.7|1.21|813e44c3-13ed-501f-b0cd-d3c0ee264f6d
396486931||||||
396696863||||||
396903513|ASASSN-V J175035.95-533739.1|SR|469.0898176|12.54|86.38|83f802c6-75ae-59f5-988f-79787ae5eb5c
396953669||||||
396954096|ASASSN-V J041533.44+014557.8|ROT:|-1|10.47|0.62|d7200dcc-7e7f-59dc-b636-fb72373c01ca
397048159|ASASSN-V J045334.96+053646.4|ROT:|-1|10.48|1.93|f33f8101-e061-59ef-9260-a935bd8a47f9
397058826||||||
398785689||||||
399664959||||||
399788405|ASASSN-V J183239.01+573852.8|EB|0.430435|11.69|1.89|3706290f-948b-53c3-9541-aedb4efe0556
400302671|ASASSN-V J173317.72+143019.0|EW|0.2796005|12.68|1.46|4ebc297a-0e8e-5d9d-907d-b5124349cac8
401227592||||||
401606923||||||
401946845|ASASSN-V J035119.73-033119.9|EW|0.49091|12.45|0.39|df99ebd4-508a-55a4-82b9-41b87633a392
402447670|ASASSN-V J111449.07-702138.7|VAR|272.1414536|8.17|1.8|49609bdd-0676-513c-9274-e3867ea73fd0
403118245||||||
404103665|ASASSN-V J213156.15+613000.3|EB|1.6399427|11.55|0.33|3bca4b4a-55cf-53e2-a955-b7a770647244
404123632|ASASSN-V J192956.84-494122.5|ROT:|-1|10.05|1.06|20eb0fd9-b75b-5aa0-b605-bd8683595d2b
404804908||||||
404854539|ASASSN-V J053959.42-682842.0|EW|0.3622235|11.42|0.32|d688bf3d-a6fc-5095-a4a3-c93f11e3ec80
404927661||||||
405034090|ASASSN-V J073259.99-134938.7|RRC|0.3647558|12.64|0.35|e85dadf3-15e9-5853-8de8-2100ac8afae3
405219270||||||
405219739||||||
405220019||||||
406095880|ASASSN-V J185305.94-501051.7|VAR|981.0426237|8.99|0.68|901f3092-2aef-5c3d-b388-e1c5e291c6d9
406798603|ASASSN-V J150246.09+375436.3|EA|0.90636|10.24|0.65|1af356fe-90b3-5472-966d-e1cb142133bf
406864355||||||
407298349||||||
407515765||||||
407594410|ASASSN-V J194355.79+270807.2|L|-1|7.03|2.41|c037bee5-9e99-545d-ac86-3f207f18e122
407661994||||||
407823917||||||
407824089||||||
408131298|ASASSN-V J021808.65-140800.1|L|-1|8.53|1.21|2a262949-897c-5ce3-9e83-b47c96e41ae9
410354930|ASASSN-V J034351.37-840005.5|EA|2.5996042|11.53|3.02|e47e2fa0-0c54-5777-90a6-cd803b1967b7
410868364|ASASSN-V J033043.30+480642.3|VAR|-1|13.98|69.86|e4eacd9b-7863-59c2-ab68-8e4f56e5fbbe
411416726|ASASSN-V J121235.87-552028.0|VAR|-1|10.6|1.54|5458e0c8-25a3-5c87-91ab-c272813d9a74
411451519|ASASSN-V J141657.14-575115.8|VAR|294.5768478|8.2|0.27|aa5a0307-e934-5af7-a766-279a3ed9d457
415045920||||||
416024040|ASASSN-V J135645.96+224510.7|EB|0.6553327|12.49|1.56|a5daeec2-e104-55e7-a216-58a7141087b1
417118871|ASASSN-V J131551.09+435309.9|EW|0.2822314|12.51|2.61|2d4f656c-eae8-5516-98f1-7744fdbba128
417126296||||||
417175621|ASASSN-V J143708.71+355546.9|GCAS|-1|7.69|0.83|8696f62d-ceaf-5c19-919c-2cc764717d73
417734853||||||
418295363||||||
418532689|ASASSN-V J134554.46-784826.5|EA|0.3803638|14.41|0.43|c409b3f7-71b3-5b2b-b59d-106ee6ddbaa0
419575080||||||
419744996||||||
420114772||||||
420137341||||||
420645952||||||
420757505|ASASSN-V J042841.84+794207.2|VAR|-1|8.16|0.72|634f6d33-7309-5724-b514-1ffcb7d1c964
420947520|ASASSN-V J181417.25+481117.0|ROT:|-1|10.65|1.98|840829a2-0a75-5219-bba9-74826f7f278e
420962954|ASASSN-V J052818.51-193115.1|VAR|-1|9.35|1.67|f139208f-c3f0-54ee-bc2f-be1e4e6a30da
422251657||||||
422284103||||||
422844353||||||
422965201||||||
423027012||||||
423524230||||||
424796997||||||
424992973||||||
425064757|ASASSN-V J053140.53-695300.9|VAR|702.2412066|11.1|1.17|f71450a2-790b-573e-93ae-5cb97efa7814
425158608|ASASSN-V J035337.86-055744.2|EA|0.94308|13.45|31.5|467312b9-d497-5510-bf24-ff0e09d4f574
425172025||||||
425206121||||||
425215390|ASASSN-V J050902.96-074411.7|VAR|540.6418972|9.43|0.81|85e9d829-a292-502a-b5f9-e32ac85c8b79
426111509|ASASSN-V J225437.09+772850.1|EA|1.7332613|11.09|0.24|aa52c115-6b12-55d8-bcba-a863c465b69b
426588729||||||
426803687|ASASSN-V J201940.38+354711.0|EB|1.4748307|11.39|0.17|ee466ff7-f259-5e39-960a-de165e2f36a9
427063387||||||
427578308|ASASSN-V J033957.07+285729.9|EA|1.4644815|13.66|83.36|9486e6c4-2205-54d7-b172-9bdb61ec42bc
427654774||||||
428055818|ASASSN-V J232946.65+434504.1|UGSS|-1|14.96|0.36|d48752f7-11d8-581e-8ca4-dc74c0197a15
428772119|ASASSN-V J014558.50+800455.9|EW|0.3188329|11.12|0.43|c99aa1b4-26dc-59da-9d75-a9d81fffd229
428784674||||||
428795527||||||
428987718|ASASSN-V J230308.35+775929.9|EA|1.2577149|11.83|1.84|3742547c-6646-5636-9cc3-37f3e5dfd2fb
431589510|ASASSN-V J032245.75-723746.3|HADS|0.1294244|12.14|0.75|e689a705-8d7d-5436-a8e6-58bc9fca2762
431936432||||||
435336503|ASASSN-V J034019.38+122015.5|ROT|0.5548596|12.7|0.41|024dd4d6-4dbe-58c3-846f-bdecd7bb3bf4
436243444||||||
436592342|ASASSN-V J044619.68+124442.1|ROT:|-1|9.97|0.61|babc21bf-9527-5bf8-8b79-899da9035b24
436847239||||||
437212966||||||
437241830|ASASSN-V J110148.07-215031.2|VAR|-1|8.7|0.73|b4aa36f6-43eb-525d-a36f-cb30938f8b89
437322147||||||
440676745||||||
440796977|ASASSN-V J071657.57+144616.9|EA|1.564168|15.8|67.35|aa28936a-a4cb-5a25-a534-95d4538d1c02
441128066|ASASSN-V J023833.13-141756.7|VAR|-1|9.75|0.44|a1021eb5-36d2-5b11-81fe-1e7fc984a8cf
441183795|ASASSN-V J221518.93-245927.5|VAR|-1|8.97|1.39|a988275f-f707-5e6a-9903-45eba21fd7e2
441499423||||||
441641972||||||
441687696|ASASSN-V J140802.82+563148.4|EA|2.2263517|11.87|0.98|248fd3a5-c41c-5ab8-857c-4ca38af8905c
441690583|ASASSN-V J141029.81+545446.9|EA|5.6467392|11.76|1.12|94528785-fb41-5ec1-bd41-fb807c926cc7
441721258|ASASSN-V J170139.89+751750.3|VAR|-1|6.94|1.14|f6121766-8ac8-565a-b7cb-bc800562dfb8
441721286||||||
441734144|ASASSN-V J171414.01+764213.6|EW|0.3254046|11.18|0.32|37c0dc1e-36bc-573d-8954-0661fccb8038
441739153||||||
441794509||||||
441804888|ASASSN-V J174324.08+723640.2|EA|2.7373171|11.6|0.16|80563c05-bab2-5a4d-8c1a-9a12e57064cf
441807438||||||
442240473|ASASSN-V J094355.49-550302.7|ROT:|284.180789|9.27|1.78|16b171dc-aac8-5428-a792-941cd4075d23
442918617|ASASSN-V J052150.84-134519.0|VAR|413.558108|7.21|2.61|078b00c0-7be7-50aa-90a8-fa100f8a1bde
443171652||||||
443969553||||||
444801274||||||
445556827||||||
445924091|ASASSN-V J031122.62+091102.0|EW|0.4639736|12.05|0.84|d888c975-a2ef-5e0b-aff3-9e16ac17ac8a
445932196|ASASSN-V J051017.17+093254.2|EA|1.1308758|12.53|0.42|6fd564b7-caf9-5365-a714-6d6a078314f0
446175401|ASASSN-V J132653.11+453245.0|ROT:|-1|12.98|1.75|14337c69-24f1-5fb2-990e-d834003b01a7
449999729||||||
452786194|ASASSN-V J043352.67+014018.3|VAR|-1|9.36|0.18|f0cb0f3a-e198-5a0b-955b-be8bac32d1e1
452845139||||||
453012065||||||
453097744|ASASSN-V J073532.08-712852.6|EB|1.0572093|11.96|2.04|3cd3cad2-9e51-55b3-a360-2bab7e3d7820
453552912||||||
454190342|ASASSN-V J051541.40+010440.1|AM+E|0.6652203|15.64|0.34|0c65bdec-e9b1-556c-a3de-6165bd62d77f
454222105|ASASSN-V J051744.84+015559.8|EW|0.6327762|11.73|0.04|6c941487-2205-5de6-ac07-5b8f42f8b7fe
454665792|ASASSN-V J113607.97-740423.3|HADS|0.1217617|12.25|0.54|84a2fe77-09b7-5ed0-af36-ca669e242a81
454855280|ASASSN-V J114930.36-760931.2|VAR|760.0775553|10|0.72|27866b0f-619d-5fc0-ad16-ac7f62403e0a
455110001||||||
455206965|ASASSN-V J082053.48+000843.7|ROT:|-1|15.03|0.9|611efeaf-9c92-50f7-8ecd-288c13648efe
456610411|ASASSN-V J184930.78-585654.1|VAR|-1|9.12|3.14|b04c76c5-ea20-5b07-baf0-29b4b33ed946
457172621|ASASSN-V J035049.39+032545.6|EW|0.4518844|12.39|0.37|fca1091e-4e1c-5db2-810a-2d7dae0dfc2f
457427613|ASASSN-V J102935.28-575759.4|M:|-1|10.32|0.79|78667e28-b4e0-5b9d-ab6d-e7c92328a8d0
458267524|ASASSN-V J103847.20-584331.7|GCAS:|-1|9.19|0.82|da7f0eec-5fcd-5aef-a618-174b833f3a91
458481461|ASASSN-V J153351.34+635423.8|VAR|-1|7.92|2.8|09e2a562-550b-563a-8c25-63c8747428e8
458842028||||||
458847254||||||
458911894||||||
459252372||||||
461579405||||||
461625381|ASASSN-V J005822.69+842741.1|EA|1.27273|12.83|0.44|28cad2b6-39c4-5990-90e2-4d1f7a126d09
461713146|ASASSN-V J035858.15-171347.9|ROT:|-1|10.21|1.58|d1a29ab8-c221-56cc-91bb-d59a3055d6e8
462785373||||||
463507016||||||
464380201||||||
464422047|ASASSN-V J184903.59-631610.5|VAR|302.750022|8.1|0.68|9347269b-8a51-509c-a56e-24dad33ea1ff
464886060||||||
467181063||||||
467668926||||||
467785365||||||
468276605||||||
468606062||||||
468641429|ASASSN-V J011203.56+752807.2|VAR|-1|9.14|0.16|17ee678c-4622-507c-b7e9-672e9732a932
468887783||||||
468948126||||||
468958374||||||
469441650||||||
470124714||||||
470152814||||||
470212961||||||
470901118||||||
471012349||||||
609742113||||||
640714388||||||
1717079071||||||
1883519478||||||
1981303680||||||
