111027|false
627436|true
671564|false
737546|true
878056|false
1029392|false
1045298|false
1159914|false
1450518|true
2353789|true
2372579|true
4629065|true
4735737|false
4786828|false
5703872|true
6400274|true
7020254|false
7320873|false
7624182|false
7724421|true
7854182|false
9172417|true
9391285|true
9433212|true
9845586|true
9966358|false
10393493|false
10467747|false
11171398|false
11286209|true
12824209|false
12828458|false
12915124|true
13070701|true
13079486|false
13325340|true
13840107|true
13957444|true
14617089|true
14850843|false
17468122|true
18250189|true
18914916|true
19193162|true
20215452|false
20239565|true
20871923|false
20876588|true
21827849|true
22079739|false
22146154|true
22529346|false
22843856|false
22877676|false
23221002|true
23936839|false
24433067|true
24522770|true
24586751|true
24606516|true
25078924|true
25183492|false
26432264|true
27112021|true
27312189|true
27315670|false
27397122|true
28290956|true
29777922|true
29778064|true
29831208|false
29986808|false
30016911|false
30028394|true
30034081|true
30312916|false
30531417|false
30562668|true
30631330|false
30816076|false
31107108|true
31273263|false
31303242|true
31653503|true
31870141|false
31998499|false
32000625|true
32008233|true
32093154|false
32152978|false
32702481|true
32932888|true
33689349|true
33715938|true
33742428|true
33834253|true
33862174|true
33864821|true
34978817|false
35086365|false
35744707|true
36728572|false
36729364|true
37601240|true
38399380|true
38461578|false
38462492|false
38465274|false
38469787|false
38541473|true
38586438|true
38687360|true
38699825|true
38909679|false
39389004|false
40288117|true
41170667|true
41533230|false
41896812|true
42828781|true
43333148|false
43533897|true
43843023|false
43864479|true
44623916|true
44737596|false
44743153|false
44790502|true
44797681|true
44890224|true
46313508|true
46630964|false
47352608|true
47380518|true
47626069|false
47757785|true
48499902|true
48507019|true
48658291|true
49534600|true
49701947|false
49799894|true
50189810|true
50273697|true
50758245|true
50897998|true
51024887|false
51155192|false
51960132|false
51961599|false
52280468|false
52641430|true
53059882|true
53178352|true
54630229|false
55269690|false
55404385|true
55451784|false
55497281|true
55500860|false
55524055|true
55652785|true
55659311|true
55753802|true
55999432|true
56127811|true
57258016|false
58467657|false
60479151|true
60977396|false
61490776|false
61724376|true
61898904|true
63427664|false
63451547|true
63941711|true
64783257|true
65479458|true
66715008|true
67474119|true
67686223|true
67707406|true
67719432|true
68032870|true
68545734|false
70442570|true
71298511|true
71612483|false
72782654|true
73201833|true
74627376|true
76073981|false
77158150|true
77320223|true
77545160|true
77703308|true
78076566|false
78450017|true
78568736|true
78817217|true
79225651|true
79247714|false
79271943|false
79283165|false
79403459|true
79548760|true
80059889|true
80254085|false
80650858|true
80806861|false
83222019|true
85694057|false
85711393|false
86629981|false
88465768|false
88479623|true
88994025|false
89018905|true
89258104|false
89327422|false
89358641|false
89466504|false
89787778|true
90185615|false
90322352|false
90650244|false
91369561|true
91448148|true
91640647|false
92132777|true
92140619|false
92349924|true
92352620|false
92364700|false
92594505|false
92628706|false
92629355|false
92861431|false
92877752|false
92938279|true
92938280|true
92980022|false
93050630|false
93088834|false
96799506|true
97402522|true
97431593|false
97486585|true
97797267|false
98478039|true
99254945|true
99465976|true
99494149|false
99646802|true
99725941|false
99839685|false
101070833|true
101302325|true
101497151|true
102929927|true
106403786|true
107548305|true
112401201|true
113061684|true
113567527|true
114988852|false
115105140|true
115105263|false
115108198|false
115115136|true
115150623|false
115288764|false
115507313|false
116553919|false
116890331|true
117515123|true
117515674|false
117544915|true
117648603|true
118313102|true
118389230|true
119327278|false
120315082|true
120334442|false
120472041|false
120566395|false
121007796|false
121108244|true
121134517|true
121277143|false
121420805|true
121475494|false
121568625|true
121595243|false
122070918|true
123036723|false
123042728|true
123153249|true
123416563|true
123573766|true
123902605|true
124106762|true
125174457|false
125258133|false
126564822|false
126602778|true
126637765|true
126659093|false
126700850|false
127420450|false
127843848|false
127955334|true
128886984|true
129268651|true
129287469|false
129764561|true
129782747|false
129810365|true
130158363|true
131081852|false
131119300|false
135085261|true
136995510|true
137860956|false
138256675|true
139061135|true
139371600|false
139468902|true
139700621|true
139701741|true
139721086|true
139732428|true
139825840|true
139841210|true
139845816|false
139878414|false
140039144|false
140044682|false
140048219|false
140064648|true
140142451|false
140209204|true
140212820|true
140659978|true
140659980|true
140690428|false
140736015|true
140801898|false
140891597|false
140893238|false
141126559|true
141127435|true
141148940|true
141268467|true
141333573|true
141411713|false
141542585|false
141606986|true
141607553|false
141610759|false
141622065|true
141685465|true
141770299|false
141809359|true
141867895|false
141914317|true
141975903|true
141975926|false
141978095|true
142014932|false
142018697|false
142052876|false
142080812|true
142105466|true
142108949|false
142110536|false
142148228|true
142677613|true
142783746|true
142811934|false
142875987|true
142930937|false
142945544|false
143350469|true
143924219|true
144155582|false
144194304|true
144201318|false
144458841|false
144462697|true
144514566|false
145151809|false
145755099|false
146344020|true
146439804|false
146520491|true
146522930|true
146559012|true
146559015|false
146846569|false
147083089|true
147084337|false
147114002|false
147207533|false
147302681|false
147835092|false
148274098|true
148305766|false
148544875|true
148612685|true
148781497|true
148914726|false
149121385|false
149175965|false
149248196|false
149252961|false
149346418|false
149473467|true
149573659|true
149600376|false
149629043|true
149861542|true
149926346|false
150101472|false
150101476|true
150101799|true
150143137|false
150187916|true
150300654|true
150357064|true
150357290|false
150361911|true
150429807|false
150437899|false
150440860|false
150442264|true
150443185|true
151826930|true
152223725|true
152507230|true
153166843|true
153742549|true
153991851|true
154067797|true
154222671|false
154339231|false
154511165|true
155540827|true
155884454|true
155915231|true
156067195|false
156074324|true
156758188|true
156758257|false
156832130|false
157018051|false
157273321|true
157788279|true
157889314|true
157968186|true
158016784|true
158183591|false
158218818|true
158276780|false
158321843|false
158334003|false
158366841|false
158450472|true
158579379|true
158849879|false
159105713|true
159150734|false
159208074|false
159444225|true
159464498|true
159502560|false
159510983|false
159628659|false
159723646|true
159854359|true
159871619|true
160199003|false
160328766|true
160585813|true
160618494|true
160704414|false
160991022|false
161083755|true
161638713|true
161687311|true
161744580|true
163377314|false
164544018|false
164554097|true
164646288|true
164677806|true
164782264|true
164886585|false
165147482|false
165456443|false
165626871|true
165721304|false
165991532|true
166074503|true
166319733|true
166803688|false
166833476|false
166874908|true
166933255|false
166968742|false
166969516|false
167005326|true
167086201|true
167123437|true
167201539|true
167251459|false
167303776|false
167524561|false
167526485|true
167554898|false
167656297|false
167673218|true
167692429|true
167717848|true
167717852|false
167719897|true
167747439|true
167756615|true
167792080|true
167891342|true
168191566|true
168674931|true
168675489|true
168696027|false
168697816|true
169168102|true
169316288|true
169532543|true
169573910|true
169662927|false
170246850|true
170265784|false
170516068|false
170729895|true
172742334|false
173038281|true
173077938|false
173432542|true
175182754|true
175302441|false
175400938|false
175402069|true
176252796|false
176406202|true
176910080|true
177077475|true
177258700|true
177308817|false
177310620|false
177441630|false
177961519|false
178171080|false
178242590|true
178284730|false
178352046|true
178858648|true
178938437|true
179040607|false
179295564|true
179368346|true
179623765|false
179637067|false
179637488|true
180412528|true
181062415|false
189349514|true
193774939|false
193831684|true
193948188|true
193971913|true
193994472|true
194025647|false
196815186|false
196920546|true
197933923|true
198006960|false
198011271|true
198037741|true
198076334|true
198109209|true
198240299|false
198242676|true
198242678|true
198280388|true
198354443|true
198358825|false
198366673|true
198388252|true
198408416|true
198418712|false
198457457|true
198537349|false
198555959|true
199420503|true
199661915|false
199662929|true
199688293|false
199688409|true
199688472|false
199709055|true
199716496|true
200297691|true
200363295|true
200368010|false
200373531|false
200375020|false
200440175|true
200440270|true
201186294|false
201291281|true
201747686|true
202299805|true
202442974|true
202444594|true
202490797|false
202839485|true
207385593|false
207394908|true
207398432|true
211116547|true
211215485|true
213067604|true
218988566|false
219096494|true
219107776|true
219154792|false
219173590|true
219176881|true
219201178|true
219203188|true
219222201|true
219234021|false
219244444|true
219345200|false
219346326|true
219362976|true
219373406|true
219389540|false
219421171|true
219435542|true
219738202|true
219750638|true
219771660|true
219773223|false
219790151|false
219795383|false
219859691|true
219893630|false
219900027|true
219927211|true
220015845|true
220042007|true
220082557|true
220389612|false
220391605|false
220397947|true
220402294|true
220416446|false
220420534|true
220430912|true
220474209|true
220521199|true
224308601|true
224605072|true
224605859|false
224606205|false
229476285|true
229480487|false
229495981|true
229510866|false
229585542|false
229687624|true
229689154|false
229740848|true
229751802|true
229751806|false
229771234|true
229777486|false
229804573|true
229810745|true
229910322|false
229913521|false
229914020|true
229938859|false
229975095|true
230017324|false
230063769|true
230065962|true
230086768|true
230114503|true
230273344|false
230386284|true
230955191|false
231075361|true
231093356|true
231292500|false
231714759|true
231809798|true
231822771|true
231922417|true
231972938|true
231973885|true
232030067|false
232572560|true
232629077|true
232681393|false
233006806|true
233060434|false
233195058|true
233207585|false
233211759|false
233233639|true
233390838|false
233397725|false
233460141|true
233524881|false
233531814|true
233532554|true
233544319|false
233569141|true
233659263|false
233679640|true
233684437|false
233720276|false
233722938|true
233738458|false
234211934|true
234386436|false
234451000|false
235073221|false
235598526|false
235666667|false
235718636|true
236865152|false
236973844|true
237069277|true
237104103|false
237200747|true
237234024|true
237277760|true
237278994|false
237290473|true
237917228|false
237918394|false
237941053|false
238162237|false
238776175|false
238892775|true
238896417|true
238914431|false
238917338|true
240931244|false
241078868|true
241751294|false
241843363|false
242530449|false
242944454|true
243248327|true
243319567|true
244207973|true
244208023|true
244865631|false
245035219|false
245863693|true
246745789|true
247160445|false
248399337|true
248403190|true
248410138|true
248990782|false
249943198|true
250195155|true
250196734|true
250453538|true
252096958|true
252109307|false
252791409|true
253832770|false
253844234|false
254258206|true
254278612|false
255552705|false
255565860|true
255586667|true
255700967|true
255806138|true
255921197|false
255993777|true
256298934|true
256327585|true
256640561|true
256775514|false
257648522|true
258351350|true
258773798|true
258799793|false
258923466|true
259126645|true
259128582|false
259373684|true
259408109|false
259701720|true
259850442|false
259967623|true
260003467|true
260131665|true
260132330|true
260161144|true
260162199|true
260239481|false
260304296|false
260352096|false
260370454|true
260502102|true
260504147|true
260506296|false
260654645|false
260659986|false
260709448|false
260772408|false
260778617|false
261105201|true
261136000|false
261205462|false
261332760|true
261335113|true
261646556|false
261656371|true
261749149|false
261863003|false
262434790|true
262465161|true
262613883|false
263074592|true
263635510|true
264180664|false
264537668|true
264540478|true
264594193|true
264688425|false
265613590|true
266195807|false
266610248|false
266845051|true
267542072|false
268289462|true
268772301|true
269411609|false
269609504|true
269696438|false
269762258|true
270341486|true
270491267|false
270491865|false
270665642|true
271013213|true
271040768|true
271529021|true
271547896|true
271550131|true
271596290|true
271763731|false
271773721|true
271900514|false
271900941|false
272086159|false
272086869|true
272179220|false
272650576|true
272839425|true
272944291|true
273043307|true
273792220|true
273861698|false
273885188|false
274039489|false
274088422|true
274129522|true
274135602|false
274238240|true
274509791|true
274551602|false
275367529|true
275489982|false
276232142|false
276456395|false
276935987|true
277943745|false
278003738|false
278180434|false
278270436|false
278352995|false
278683641|true
278731274|false
278780044|false
278825952|false
278863150|false
278895603|true
278956474|true
278988794|true
279081935|true
279087522|true
279089927|true
279156705|true
279202406|true
279254042|true
279401848|true
279462605|true
279569707|true
279569718|true
279570232|false
279572906|false
279615979|true
279741942|true
279955276|true
280033934|true
280564453|true
280685089|true
281114303|true
281498280|true
281577119|false
282270717|true
282925798|true
283677584|true
283987930|false
284050381|true
284364590|true
284445951|false
284595199|true
284611896|true
284613090|true
285181196|true
285516033|false
286169292|true
286358203|true
286956931|false
287151976|true
287256222|false
287326187|false
287328866|true
287351976|true
288312840|true
288346083|false
288471108|true
288517585|false
288778712|true
289166536|false
289370888|false
289379110|false
291340620|false
291385340|true
291466214|true
293151358|true
293345927|false
293480903|true
293525651|false
294092960|true
294092966|true
294200378|true
294206429|true
294206967|true
294261093|true
294273900|true
294327312|true
294396726|true
294784522|true
294929861|false
296184440|true
296638064|false
298246821|true
298541138|false
298661555|false
298666271|false
299160301|true
299219025|false
299443090|true
299702740|true
299778628|false
299899924|false
299906906|true
299948201|false
300560295|false
300654002|true
300871545|true
301022235|true
301264684|true
301323571|false
301741204|false
301859899|false
301956407|true
302136704|false
302146957|false
302384263|true
302386283|false
302625238|false
302686340|false
302773503|false
303255899|true
303909865|true
304033253|false
304101379|true
304458680|true
305386053|true
305399324|true
305399325|true
305430209|false
306263608|false
306578324|true
306580215|true
306773020|false
306956190|true
307016006|true
307062898|false
307084879|false
307085577|true
307216760|true
307297481|false
307433122|true
308396022|false
308402602|false
308451526|true
308453624|false
308457026|true
308542383|false
308991822|true
309146836|true
309658221|true
309720946|false
309809572|true
309828087|true
309908721|true
309998013|false
310004006|true
310170268|true
310308203|true
310556491|true
311070085|true
311128363|true
311183180|true
312060302|true
314459000|true
315810194|true
316450573|true
316520410|false
317191077|true
317250858|false
317470793|true
317651704|false
317839169|true
318512022|false
318937509|true
320205468|false
320415482|false
320536498|true
321656644|false
321724822|false
321818578|false
323282620|false
323292655|true
323301918|true
323442776|true
323727556|true
323968843|true
327012081|false
327121759|true
327251785|false
328417482|false
328860378|true
329246824|true
329248002|true
330847328|true
330998582|true
332079835|false
332204084|false
332891271|false
333247721|true
333642126|false
333804979|false
336168208|false
336485975|false
336767770|true
337028799|false
337440887|false
337886863|true
338071673|true
339258033|false
339731418|false
339960875|false
340065168|false
340110295|true
340633943|false
340985103|false
341040660|false
341309569|true
341487695|false
341550561|true
341615749|false
342010156|false
342061072|false
343422347|false
343553606|true
344031627|true
344175457|true
345170707|true
345482340|true
345919804|false
346181153|false
347552724|true
348319604|false
348839788|false
348898049|false
349057976|false
349059354|false
349091359|false
349154435|true
349156098|false
349195685|false
349308842|true
349309442|false
349310205|false
349409844|false
349480507|true
349518145|true
349518800|false
349519544|true
349523518|false
349642881|false
349790953|false
349832824|true
349835367|true
349972148|false
350030939|true
350142099|false
350146577|false
350297040|true
350298314|true
350443417|true
350445771|true
350478924|true
350479101|true
350480660|false
350522254|false
350561815|false
350622185|true
350740905|false
350764481|false
350765919|false
350954272|true
351556896|false
352110251|true
352165018|true
352979549|true
353077789|true
353854078|true
353894978|true
353939279|true
353987913|false
353989471|false
354014743|false
354385277|true
355151781|true
355152971|true
355357949|true
356015357|true
356015361|true
356150515|true
356340346|true
356524567|true
356701798|true
356820646|true
356896561|true
356974629|true
357047278|false
357345626|true
357790008|false
358018764|false
358108063|true
358179405|false
358335586|true
358510596|false
358659512|false
359188252|true
359390362|false
359497418|true
359552377|true
359588615|false
359631482|false
359675849|true
362104293|true
362220700|false
362520882|false
363149298|false
364186087|true
364302118|true
364395234|true
364399376|false
365070128|true
365368501|false
365428002|false
365694569|true
366557556|true
367681735|true
367835766|false
367838785|false
368208585|false
368260545|false
369334982|true
369506001|true
370065236|false
370134610|true
371839073|true
372419506|false
372743588|false
372758722|true
372816629|true
373844472|true
374040120|false
374704025|false
374828411|true
374944608|false
375599392|true
375853985|true
376593757|true
377055044|true
377190161|true
377192659|true
377192675|true
377296926|true
377307592|true
378363284|false
379628820|false
379631121|true
380618779|true
380651349|false
380783252|false
381948745|true
381950094|false
382028425|true
382069435|true
382160146|false
382188882|false
382517745|true
382631678|false
383346621|false
383427491|true
384031569|true
384742846|true
384992041|false
385041086|false
386687697|false
387237076|false
387513120|true
388179896|true
388508344|false
388602832|true
389015383|false
389510663|true
389669796|false
389761749|true
389922504|false
390021728|true
390408482|true
390632932|true
390668263|false
390896668|false
390955053|false
391887389|false
391927558|true
392536812|true
393491149|true
393672471|true
393871721|false
394179296|true
394230860|true
394452884|true
396170777|true
396424970|false
396486931|true
396696863|false
396903513|true
396953669|true
396954096|true
397048159|true
397058826|false
398785689|false
399664959|true
399788405|true
400302671|false
401227592|true
401606923|true
401946845|true
402447670|true
403118245|false
404103665|true
404123632|true
404804908|false
404854539|true
404927661|true
405034090|true
405219270|false
405219739|false
405220019|false
406095880|false
406798603|true
406864355|false
407298349|false
407515765|true
407594410|true
407661994|true
407823917|true
407824089|true
408131298|false
410354930|true
410868364|false
411416726|false
411451519|false
415045920|false
416024040|true
417118871|true
417126296|true
417175621|true
417734853|true
418295363|true
418532689|true
419575080|false
419744996|true
420114772|true
420137341|true
420645952|false
420757505|true
420947520|true
420962954|true
422251657|true
422284103|false
422844353|true
422965201|false
423027012|false
423524230|true
424796997|true
424992973|true
425064757|true
425158608|false
425172025|true
425206121|false
425215390|false
426111509|false
426588729|true
426803687|true
427063387|true
427578308|false
427654774|true
428055818|false
428772119|false
428784674|false
428795527|true
428987718|false
431589510|false
431936432|false
435336503|false
436243444|true
436592342|true
436847239|false
437212966|true
437241830|true
437322147|true
440676745|true
440796977|true
441128066|true
441183795|true
441499423|false
441641972|true
441687696|true
441690583|true
441721258|false
441721286|false
441734144|true
441739153|true
441794509|true
441804888|false
441807438|false
442240473|false
442918617|true
443171652|true
443969553|true
444801274|true
445556827|false
445924091|true
445932196|false
446175401|true
449999729|false
452786194|false
452845139|true
453012065|false
453097744|true
453552912|false
454190342|true
454222105|true
454665792|false
454855280|false
455110001|false
455206965|true
456610411|false
457172621|true
457427613|true
458267524|false
458481461|true
458842028|true
458847254|false
458911894|false
459252372|true
461579405|true
461625381|false
461713146|true
462785373|true
463507016|false
464380201|false
464422047|true
464886060|true
467181063|true
467668926|false
467785365|false
468276605|false
468606062|false
468641429|false
468887783|true
468948126|true
468958374|true
469441650|true
470124714|true
470152814|true
470212961|false
470901118|false
471012349|false
609742113|false
640714388|false
1717079071|false
1883519478|true
1981303680|false
