111027||||||||||
627436|76623|EC|0.57889|2451869.48|11.41|0.31|True|V|5.93|ASAS J045211-2511.7
671564|76658|EW|0.385568|2454694.896|11.799999713897705|0.23000001907348633|False|V|0.14|TX Cae
737546|76767|EA|3.06772|2451870.12|10.600000381469727|0.23999977111816406|False|V|0.07|ASAS J045804-2956.0
878056||||||||||
1029392|9084|RRAB/BL|0.62341|2439113.363|9.915000438690186|0.434999942779541|False|V|0.63|RV Cet
1045298|74626|EA|1.46344|2451870.99|11.16|0.33|True|V|0.36|ASAS J021742-0816.7
1159914||||||||||
1450518|76834|EA|0.333747|2454806.74|12.085000038146973|0.2950000762939453|False|V|1.25|ASAS J050049-3212.7
2353789||||||||||
2372579||||||||||
4629065|74754|ED|5.896722|2451874.8|11.35|0.2|True|V|0.34|ASAS J023130-0903.5
4735737|44113|E:|--|--|9.390000820159912|0.1699995994567871|False|V|0.57|NSV 5489
4786828||||||||||
5703872||||||||||
6400274|63055|EA|1.21125|2448017.991|9.540000438690186|0.1399998664855957|False|V|0.38|V0362 Tel
7020254|625532|EP|20.27362337|2457157.1552|13.19|0.018|True|Kp|0.41|EPIC 211442297
7320873|26368|BY|0.5351|--|11.735000133514404|0.06500005722045898|False|V|0.39|UV Pic
7624182||||||||||
7724421|4523|EW|0.640619|2453052.54|9.790000438690186|0.09999990463256836|False|V|0.54|RT Cae
7854182|13705|EA/SD|0.8660347|2442966.482|9.15000057220459|0.4499998092651367|False|pg|0.4|TZ Dra
9172417||||||||||
9391285|298003|EA|2.75259|2454192.428|11.0600004196167|0.11999988555908203|False|CV|0.65|V0390 UMa
9433212||||||||||
9845586|129515|EW|0.3601105|2455093.796|11.700000762939453|0.39999961853027344|False|V|0.24|MY Eri
9966358||||||||||
10393493|390769|EW|0.360466|--|12.56|0.34|True|CV|1.03|CSS_J175056.5+333244
10467747||||||||||
11171398||||||||||
11286209|24093|SXARI/E|1.1908|2442778.819|6.53000020980835|0.07999992370605469|False|V|0.07|V1030 Ori
12824209|1585939|EA|1.0711968|2458355.9551|15.277|0.845|True|r|37.91|ZTF J021513.13+652859.9
12828458|1586072|EW:|0.2790376|2458343.9725|19.457|0.316|True|r|104.93|ZTF J021543.42+645131.2
12915124|734267|EA|3.164|2458276.083|11.875|0.125|False|V|0.05|ASASSN-V J201956.90+375007.3
13070701|76907|EW|0.41407579|2451868.978|10.890000343322754|0.15999984741210938|False|V|0.89|ASAS J050334-2521.9
13079486||||||||||
13325340|77203|EA|0.89309|2451869.46|12.58|0.5|True|V|0.14|ASAS J051433-2519.7
13840107||||||||||
13957444||||||||||
14617089|174813|EA|1.6688988|2457203.852|13.110000610351562|0.23999977111816406|False|V|0.09|NSVS 5733998
14850843||||||||||
17468122||||||||||
18250189|36620|UGZ:+E|0.139637462|2452540.5322|13.65000057220459|0.9499998092651367|False|V|0.18|TT Tri
18914916||||||||||
19193162|86309|ED|5.690856|2451878.8|9.18|0.08|True|V|0.06|ASAS J081512-0618.9
20215452|630374|MISC|0.5957573|--|10.578|0.249|True|W1|0.02|WISE J150916.0+360200
20239565|242075|EA|1.50525|2454206.083|8.96|0.021|True|CR|1.94|2MASS J15111013+3857031
20871923|1594885|EW|0.3549346|2458367.8875|16.087|0.365|True|r|86.33|ZTF J024834.74+450047.7
20876588|1501751|EA|3.1507|2457361.846|11.34000015258789|0.07999992370605469|False|V|0.11|ASASSN-V J024908.18+441508.0
21827849||||||||||
22079739||||||||||
22146154|2213005|EA|18.18469|2457102.905|10.49|0.016|True|V|1.12|KELT KS23C05689
22529346|1546404|EP|1.2749255|2456635.7083|10.51|0.017|True|V|0.38|WASP-121
22843856||||||||||
22877676||||||||||
23221002|14018|EW/KW|0.445286|2454828.669|10.195000171661377|0.30499982833862305|False|V|0.48|UX Eri
23936839|229591|EW|0.27531208|2457569.757|12.700000286102295|0.19000005722045898|False|V|0.07|NSVS 8110779
24433067|77589|EA+BY|6.1862|2451874.5|11.363|0.92|True|V|0.68|ASAS J052800-3334.6
24522770||||||||||
24586751|9543|EA/SD|0.51282661|2451868.89|10.949999332427979|0.4500002861022949|False|V|0.47|RU Col
24606516|77459|EC|0.4019834|2451869.94|12.18|0.41|True|V|0.13|ASAS J052313-0907.7
25078924|280926|EB|1.8088|--|11.403|0.071|True|V|0.2|ASAS J040340-6558.2
25183492|281107|ROT|0.279|--|11.814|0.153|True|V|0.32|ASAS J063155-0705.0
26432264|54205|SXARI/E|1.0498|--|6.554999828338623|0.04500007629394531|False|V|0.23|NSV 15770
27112021|9853|EW|0.40797003|2453058.464|7.230000257492065|0.029999971389770508|False|V|1.29|KR Com
27312189||||||||||
27315670|186077|DSCT|0.1092685|2453924.403|10.749999523162842|0.15000009536743164|False|R1|0.28|V2684 Cyg
27397122|253361|EA|12.7323|2455009.9292|--|--|False|Kp|0.09|KID 11820830
28290956|2213565|EA|6.003541|2457889.538|10.32|0.033|True|V|1.47|KELT KC09C12437
29777922|76047|"EC|ESD"|0.53059|2451869.15|12.79|0.3|True|V|0.21|ASAS J041731-6649.6
29778064|480739|"EB|EW"|0.494649|--|12.39|0.35|True|CV|0.36|SSS_J041725.0-662415
29831208||||||||||
29986808||||||||||
30016911|14140|RS|6.71|2457389.47|6.005000352859497|0.02499985694885254|False|V|6.79|EP Eri
30028394|74997|DSCT|0.185929|2451869.261|12.04|0.3|True|V|0.29|ASAS J025347-1307.7
30034081|40394|EA|2.3446345|2453131.4682|10.865000247955322|0.35500001907348633|False|V|0.17|AT Men
30312916|841698|EA|27.897|2456909.92|11.925000190734863|0.08500003814697266|False|V|102.8|ASASSN-V J045647.11-662855.7
30531417|13638|RRC|0.328936|2440701.307|11.00999927520752|0.2200002670288086|False|V|1.0|XX Dor
30562668|427804|VAR|--|--|15.92|0.78|True|r|37.6|GDS_J0857041-431517
30631330|76832|EC|0.38735|2451869.19|11.35|0.43|True|V|0.61|ASAS J050048-7029.9
30816076||||||||||
31107108|76957|ESD|4.049|2451871.1|11.01|0.61|True|V|0.22|ASAS J050527-6743.3
31273263||||||||||
31303242|77691|ED|7.056852|2451882.0|10.67|0.2|True|V|0.14|ASAS J053114-2709.1
31653503|15917|EA|6.68032|2451874.44|10.62000036239624|0.7599997520446777|False|V|0.19|RZ Hor
31870141||||||||||
31998499|840131|EA|0.742708|2456890.819|15.930001258850098|0.42999935150146484|False|V|115.56|ASASSN-V J034224.89-655915.9
32000625|629527|EA|0.7017535|--|9.697|0.141|True|W1|0.02|WISE J034357.1-712844
32008233|42358|CV|0.1416017|--|13.000000476837158|0.5999999046325684|False|V|0.12|NSV 3734
32093154|839660|EW|0.401809|2458148.664|11.920000553131104|0.04999971389770508|False|V|0.6|CzeV1177
32152978||||||||||
32702481|78173|EA|1.89784|2451869.04|9.678|0.28|True|V|0.65|ASAS J054408-2836.7
32932888|1691287|EW|0.2879712|2458486.9461|17.322|0.355|True|r|55.15|ZTF J065850.57-051142.6
33689349||||||||||
33715938|16443|EA|2.87859|2451870.318|10.640000343322754|0.25|False|V|0.35|BF Hyi
33742428|5378|EA/RS|4.9778|2454516.7|8.835000038146973|0.33500003814697266|False|V|0.79|HY CMa
33834253|16401|EA/SD|3.2322|2426711.4|10.949999332427979|0.9500002861022949|False|pg|0.08|VX Hyi
33862174|18656|EA|1.41461|2451867.259|11.710000038146973|0.46000003814697266|False|V|0.21|SW Men
33864821|840188|EA|0.810455|2456831.952|14.290000438690186|0.09999990463256836|False|V|0.65|ASASSN-V J042235.77-720634.2
34978817|3706|SXARI|0.727902|--|5.7200000286102295|0.029999971389770508|False|V|0.33|SX Ari
35086365||||||||||
35744707|227567|EW|0.34644|--|12.5|0.81|True|R1|1.08|NSVS 12092067
36728572|305124|VAR|0.56552|--|9.36|0.029|True|V|0.21|HIP 12534
36729364|129497|EW|0.327488|--|12.73|0.35|True|CV|0.07|NSVS 12092853
37601240|5387|EB|0.7313767|2456655.0185|8.959999561309814|0.20000028610229492|False|V|0.71|IQ CMa
38399380|365981|EW|0.568099|2455057.899|12.1|0.43|True|CV|0.65|NQ Eri
38461578||||||||||
38462492|840887|EA|3.3088|2456931.658|13.680000305175781|0.07999992370605469|False|V|63.85|ASASSN-V J040614.53-634815.4
38465274|75538|"RRC|EC"|0.34561|2451870.55|12.05|0.45|True|V|0.05|ASAS J034033-0856.9
38469787|839496|EW|0.368972|2457749.648|12.839999198913574|0.06000041961669922|False|V|0.06|ASASSN-V J040744.88-635034.9
38541473||||||||||
38586438|839964|EA|0.55564|2457852.486|13.804999828338623|0.06500005722045898|False|V|1.61|ASASSN-V J041621.65-620046.4
38687360|14080|EW|0.5076545|2446032.227|7.864999771118164|0.25500011444091797|False|V|2.17|BV Eri
38699825|27339|EA|2.0847|2448500.646|8.500000476837158|0.25999975204467773|False|Hp|0.24|VW Ret
38909679||||||||||
39389004|1722247|EW|0.277359|2458211.9735|15.604|1.024|True|g|53.44|ZTF J172833.58+305639.9
40288117|11805|EB/DM|1.694795|2434980.514|9.699999332427979|0.20000028610229492|False|pg|0.12|V0885 Cyg
41170667|78877|EC|0.97409|2451869.63|10.571|0.257|True|V|0.09|ASAS J060448-6731.4
41533230|79361|"EC|DCEP-FO|ESD"|1.42051|2451870.96|11.21|0.18|True|V|0.04|ASAS J061507-7134.2
41896812|135994|EA|1.2608524|2452104.865|11.039999961853027|0.25|False|V|0.46|CT Phe
42828781|41595|EA|2.94304|2451869.147|9.864999294281006|0.3250002861022949|False|V|0.22|NSV 2971
43333148|1546363|EA|9.4765|2459003.827|9.005000591278076|0.09499979019165039|False|V|0.5|BMAM-V734
43533897|76850|EB|0.313365|2451868.91|10.615000247955322|0.6050000190734863|False|V|0.43|PQ Eri
43843023||||||||||
43864479|40488|EW|0.594444|2455125.794|10.699999809265137|0.3000001907348633|False|V|0.24|V2804 Ori
44623916|122549|EA|0.9447216|2451870.91|10.67|0.51|True|V|0.18|ASAS J224453-4200.7
44737596||||||||||
44743153||||||||||
44790502|14081|EB|0.6384773|2443448.684|9.190000057220459|0.309999942779541|False|B|0.4|BW Eri
44797681|170955|EW|0.4009|2453668.14|11.4|0.037|True|I|0.79|UNSW-V 348
44890224||||||||||
46313508||||||||||
46630964|1606971|EA|0.6788862|2458319.9664|16.206|0.16|True|g|23.74|ZTF J033629.53+295340.7
47352608|35016|EW|0.443433|2454918.5898|9.01|0.34|True|V|1.41|VY Sex
47380518|380335|EW|0.654012|--|14.38|0.37|True|CV|0.61|CSS_J105129.6-005922
47626069|137889|EW|0.40983999|--|11.4|0.243|True|R1|6.32|ROTSE1 J183509.74+515310.8
47757785|62981|BY|6.8528|--|8.834999561309814|0.06500005722045898|False|Hp|1.07|V0410 Dra
48499902|13941|EA/RS|7.5811|2458019.8987|12.099999904632568|0.34999990463256836|False|V|0.09|LU Dra
48507019|242613|EA+GDOR|10.790492|2454953.7513|9.875|0.125|False|Kp|0.13|KID 11285625
48658291||||||||||
49534600||||||||||
49701947||||||||||
49799894|75171|"DSCT|EC|ESD"|0.135452|2451930.886|11.45|0.17|True|V|0.54|ASAS J030858-0251.8
50189810|161060|EA|2.23757|2453649.8037|9.774999618530273|0.4250001907348633|False|V|0.96|V1342 Cas
50273697||||||||||
50758245|56328|E|2.257|2457131.46|6.594|0.042|True|V|1.14|NSV 17893
50897998|23103|EA/KE:|1.4853784|2440890.5158|5.134999990463257|0.17499995231628418|False|V|0.04|VV Ori
51024887||||||||||
51155192|82805|EA|3.2284|2451868.8|12.3|0.55|True|V|73.53|ASAS J071641-0526.1
51960132|2213969|EA|2.27584|2459134.33|13.37000036239624|0.1399998664855957|False|V|27.23|CzeV2898
51961599|1540323|HB|4.241|2458788.36|5.55|0.002|True|V|0.01|PMAK V36
52280468||||||||||
52641430||||||||||
53059882|233931|EA|8.9582591|2454373.0164|10.34|0.04|True|V|0.06|TYC 7096-222-1
53178352|57036|EB|1.081354|2448220.84|8.894999504089355|0.04500007629394531|False|V|0.46|HR Leo
54630229||||||||||
55269690|280983|ROT|1.1722|--|12.16|0.104|True|V|0.98|ASAS J050458-6349.0
55404385|13660|EA|2.952057|2448608.637|6.96500039100647|0.06499981880187988|False|V|1.13|AR Dor
55451784||||||||||
55497281|13654|EA/DM|14.90532|2448665.345|7.504999876022339|0.21499991416931152|False|V|2.15|AL Dor
55500860||||||||||
55524055||||||||||
55652785|629354|EA|1.6862703|--|9.315|0.104|True|W1|0.07|WISE J045606.1-630007
55659311||||||||||
55753802|129904|"EB|EW"|0.415547|--|9.913999557495117|0.2200002670288086|False|R1|1.59|NSVS 2657878
55999432|76374|ROT|2.109|2451875.45|10.422|0.109|True|V|1.03|ASAS J043811-0726.3
56127811|54589|EA|7.447126|2447908.707|8.704999446868896|0.07500028610229492|False|V|0.09|KP Eri
57258016|15727|EA|19.69843|2448039.92|7.81999945640564|0.15000033378601074|False|V|0.44|V0916 Her
58467657|35034|CTTS/ROT|5.6|--|7.450000286102295|1.8499999046325684|False|pg|0.49|RY Tau
60479151||||||||||
60977396||||||||||
61490776||||||||||
61724376||||||||||
61898904||||||||||
63427664|5420|EA|70.01|2454454.925|5.550000190734863|0.07999992370605469|False|V|0.08|LS CMa
63451547|245269|EA|0.97922|2454954.4452|--|--|False|Kp|0.24|KID 09220600
63941711|723151|EA|1.0388|2456898.014|14.715000629425049|0.3449997901916504|False|V|55.46|ASASSN-V J022430.00-221048.4
64783257||||||||||
65479458||||||||||
66715008|96198|EW|0.398511|2453867.619|10.12000036239624|0.23000001907348633|False|V|1.56|V0700 Vir
67474119|17213|EB|0.456971|2448500.351|8.965000629425049|0.09499979019165039|False|Hp|1.28|FS Leo
67686223|14070|EW/KE|0.41692374|2453276.809|11.150000095367432|0.34999990463256836|False|pg|0.3|BL Eri
67707406|4504|EA|1.256816|2452500.045|11.09999942779541|0.3000001907348633|False|R1|0.53|GS Boo
67719432|14036|E|0.50085|2424801.8|12.550000190734863|0.25|False|pg|0.59|AA Eri
68032870|4495|EA|1.033533|2451286.712|11.050000190734863|0.25|False|R1|0.35|GI Boo
68545734|229647|EB|0.7690093|--|12.4|0.64|True|R1|0.07|NSVS 8233754
70442570|26595|EA|5.76333|2448810.941|5.574999809265137|0.08500003814697266|False|V|0.19|VZ PsA
71298511|495|EA|2.152391|2452988.815|9.949999332427979|0.5300002098083496|False|V|0.16|YZ Ant
71612483||||||||||
72782654|23253|EA/DM|6.63147|2433596.496|10.499999523162842|0.20000028610229492|False|pg|0.14|GG Ori
73201833|489969|EA|0.865055|--|13.74|1.14|True|CV|46.13|SSS_J101542.2-365831
74627376|172629|EA|2.61362|2452943.785|8.19499921798706|0.03500032424926758|False|V|0.33|V0483 Vel
76073981||||||||||
77158150|4529|EA|2.486955|2448092.281|7.479999780654907|0.1400001049041748|False|V|0.59|RZ Cae
77320223|2213342|EA|8.595655|2454037.458|--|--|False|V|0.26|KELT KC02C13483
77545160|364564|EW|0.276368|--|14.69|0.43|True|CV|86.14|CSS_J025217.8+324020
77703308|76974|EA/RS|0.746227|2451870.64|11.769|0.35|True|V|0.19|ASAS J050604-3509.1
78076566||||||||||
78450017||||||||||
78568736|81287|EA|8.22|2451879.3|9.92|0.27|True|V|0.8|ASAS J065134-2211.5
78817217|81381|ED:|17.777223|2451898.6|8.34|0.1|True|V|0.13|ASAS J065317-1935.1
79225651|16577|EA|0.89277|2448500.482|7.009999990463257|0.06999993324279785|False|Hp|0.74|BR Ind
79247714|1536628|EW|0.260943|2457473.902|15.3149995803833|0.33500003814697266|False|V|39.48|ASASSN-V J211217.82-502323.8
79271943||||||||||
79283165||||||||||
79403459|16578|EA|0.435338|2448500.263|8.9|0.165|True|V|1.64|BS Ind
79548760||||||||||
80059889|410267|EA|3.031966|--|9.59999942779541|0.05000019073486328|False|V|18.17|1SWASP J195132.38-432249.4
80254085||||||||||
80650858|26688|EA|1.915854|2421692.523|8.049999237060547|0.35000038146972656|False|pg|0.16|BH Pup
80806861||||||||||
83222019|2213308|EA|5.8189|2457323.463|11.33|0.016|True|V|0.15|KELT KC16C014381
85694057||||||||||
85711393||||||||||
86629981||||||||||
88465768|75147|EW|0.526704|2451869.169|9.820000171661377|0.1399998664855957|False|V|0.39|ASAS J030703-2602.5
88479623|14282|EA|0.91820943|2452605.9707|10.235|0.35|True|V|5.09|AE For
88994025||||||||||
89018905|52817|EA|3.14283|2453298.633|11.050000190734863|0.19999980926513672|False|V|0.77|DW Gru
89258104||||||||||
89327422|6292|ACV|2.3669|2452992.725|8.769999504089355|0.05000019073486328|False|V|0.15|V0539 Car
89358641|18713|RRAB|0.5869258|2441597.376|10.93399953842163|0.32700014114379883|False|V|0.16|Z Mic
89466504||||||||||
89787778|5760|EB/KE|1.082631|2428857.146|7.525000333786011|0.3749997615814209|False|V|0.12|X Car
90185615|112961|DSCT|0.138888|2451949.2|10.56|0.21|True|V|0.05|ASAS J185233-2941.1
90322352|110722|HADS(B)|0.1071934|2453600.038|11.145000457763672|0.2849998474121094|False|V|0.25|V0756 CrA
90650244|473996|YSO|--|--|14.25|1.25|False|G|87.09|Gaia16bft
91369561|18722|EA/DM|3.983051|2434362.42|10.599999904632568|0.40000009536743164|False|V|0.22|RZ Mic
91448148|16503|EB/DW|0.986323|2434267.489|9.100000381469727|0.19999980926513672|False|V|0.36|SU Ind
91640647||||||||||
92132777||||||||||
92140619|511573|RRC|0.331849|--|15.29|0.38|True|CV|52.74|SSS_J221550.0-471739
92349924||||||||||
92352620|1547325|EP|3.95019|2456416.4014|10.05|0.013|True|V|0.79|WASP-94A
92364700||||||||||
92594505||||||||||
92628706|120462|MISC|23.214483|2451911.5|10.23|0.07|True|V|113.88|ASAS J210250-3236.0
92629355||||||||||
92861431||||||||||
92877752|281880|ROT|3.62|--|10.618|0.071|True|V|1.07|ASAS J211155-3258.5
92938279|481809|EW|0.27504|--|13.07|0.36|True|CV|22.4|SSS_J053431.2-223832
92938280|481809|EW|0.27504|--|13.07|0.36|True|CV|27.07|SSS_J053431.2-223832
92980022|510410|RRC|0.3210605|--|14.09|0.36|True|CV|86.52|SSS_J211344.8-301037
93050630|305155|VAR|0.38188|--|5.57|0.008|True|V|0.23|HIP 16263
93088834|280910|ROT|3.076|--|11.749|0.055|True|V|1.64|ASAS J033146-1525.2
96799506||||||||||
97402522||||||||||
97431593||||||||||
97486585|136533|RS|1.5264|--|8.769999980926514|0.059999942779541016|False|V|2.21|GZ Leo
97797267||||||||||
98478039||||||||||
99254945|356518|EA|--|--|11.98|0.31|True|R1|0.37|ROTSE1 J111719.74+394303.0
99465976|120677|EA|0.62438775|2451872.922|11.55|0.62|True|V|0.38|ASAS J210935-2250.5
99494149||||||||||
99646802|121093|EB|0.7155648|2451873.267|9.93|0.23|True|V|0.76|ASAS J212457-2139.1
99725941|1546208|EA|29.9494|2459020.308|9.11|0.24|True|V|0.39|BMAM-V724
99839685|269305|DSCT|0.072381|--|8.5|0.006|True|V|0.39|HD 204972
101070833|14122|EB|0.82762|2452987.584|10.450000286102295|0.34999990463256836|False|V|0.28|DS Eri
101302325|245401|E|2.198882|--|10.28|0.031|True|CV|0.34|1SWASP J031632.80+300144.2
101497151|738781|ROT|4.9862|2457446.81|12.514999389648438|0.05500030517578125|False|V|0.99|ASASSN-V J095652.72-335113.4
102929927||||||||||
106403786||||||||||
107548305|286093|EA+ELL|0.04897906|2451967.8426|12.3|0.09|True|V|0.11|CD-30 11223
112401201|115358|EA|1.11577|2451963.46|11.151|0.295|True|V|0.44|ASAS J192356-3018.9
113061684|137437|ELL:|0.692|--|7.39|0.1|True|V|0.99|V5547 Sgr
113567527||||||||||
114988852||||||||||
115105140|137558|EW|0.410687|2452623.549|7.450000047683716|0.20000004768371582|False|V|0.8|DE Mic
115105263||||||||||
115108198||||||||||
115115136||||||||||
115150623||||||||||
115288764|629192|EA|1.1889678|--|8.688|0.126|True|W1|0.02|WISE J164334.4+443438
115507313|388047|EA|1.6334011|--|15.26|0.25|True|CV|19.29|CSS_J165307.0+473003
116553919|26203|EA/GS|5329.1|2448151.17|2.7600001096725464|0.1499999761581421|False|V|0.09|gam Per
116890331||||||||||
117515123|14683|EW/KW|0.2595186|2434356.434|10.800000190734863|0.19999980926513672|False|V|0.99|RV Gru
117515674||||||||||
117544915|14675|EA/AR|2.96854|2455807.0351|8.570000648498535|0.31999969482421875|False|V|0.47|W Gru
117648603|14049|EA|9.29742|2453395.6133|10.4399995803833|0.4200000762939453|False|V|0.15|AO Eri
118313102|37711|EA|9.255699|2452709.677|7.969999313354492|0.35000038146972656|False|V|0.14|NT Vel
118389230|160189|RS|4.3104|--|9.809999942779541|0.059999942779541016|False|V|0.52|CH Tri
119327278|476762|ACV|1.08456|2454350.88|8.149999618530273|0.010000228881835938|False|V|0.36|HD 45698
120315082|269357|DSCT|0.021552|--|10.0|0.001|True|Kp|0.17|KIC 4035667
120334442|281803|ROT|5.403|--|13.535|0.048|True|V|21.13|ASAS J184206-5554.4
120472041|99577|"DSCT|EC|ESD"|0.104062|2451915.063|10.04|0.21|True|V|0.33|ASAS J150755-4923.7
120566395||||||||||
121007796||||||||||
121108244|169293|EW|0.395103|2454953.7871|12.405|0.14|True|V|0.2|ASAS J190820+4002.8
121134517|75695|EC|0.335167|2451868.85|10.69|0.43|True|V|0.46|ASAS J035200-2155.8
121277143|479120|EA+HB|21.513359|2454990.9|11.1|0.005|True|V|0.63|KIC 2697935
121420805|14677|EA/SD|1.716897|2427987.535|11.57|1.25|True|CV|0.25|Y Gru
121475494||||||||||
121568625|76363|ED|8.464677|2451878.3|9.71|0.06|True|V|0.18|ASAS J043725-2138.8
121595243||||||||||
122070918|245229|EA|1.064797|2454953.9457|--|--|False|Kp|0.1|KID 04647652
123036723||||||||||
123042728|18573|EB|1.31288|2448500.134|6.200000286102295|0.059999942779541016|False|Hp|0.37|V0533 Lyr
123153249|26946|RS|11.746|2448504.308|6.825000286102295|0.05499982833862305|False|V|0.57|V0344 Pup
123416563|169039|EA|0.580729|2454953.695|12.262|0.23|True|V|0.09|ASAS J184844+4342.4
123573766||||||||||
123902605||||||||||
124106762||||||||||
125174457||||||||||
125258133||||||||||
126564822||||||||||
126602778|16499|EB/KE|0.7121149|2443019.8922|10.519999980926514|0.309999942779541|False|V|0.16|RY Ind
126637765|120337|EW|0.27343293|2451872.667|11.96|0.22|True|V|0.32|ASAS J205847-4237.0
126659093|18758|HADS|0.0671792|2452830.689|9.110000610351562|0.15999984741210938|False|V|0.28|ZZ Mic
126700850||||||||||
127420450|53517||--|--|6.674999952316284|0.03500008583068848|False|Hp|0.52|NSV 15082
127843848|359158|ACV|2.5154|2454235.8|--|--|False|V|0.28|HD 35379
127955334||||||||||
128886984|17830|ACV|1.63364|2448500.414|6.539999961853027|0.019999980926513672|False|Hp|0.48|IT Lup
129268651|424000|VAR|--|--|12.95|0.67|True|r|94.37|GDS_J0755071-284821
129287469||||||||||
129764561|14244|EA/SD|2.434665|2444891.6639|8.75|0.75|False|pg|0.91|SU For
129782747||||||||||
129810365|14168|EW|0.292345|2448500.113|9.663|0.238|True|V|2.74|FX Eri
130158363|282803|EA|2.849947|2447969.185|7.879999876022339|0.029999971389770508|False|V|0.34|V0514 Gem
131081852||||||||||
131119300||||||||||
135085261||||||||||
136995510||||||||||
137860956|14012|EW|0.3857663|2453036.607|12.065000534057617|0.24499988555908203|False|V|0.31|TX Eri
138256675|4505|EB|0.56892286|2452500.5173|11.950000762939453|0.14999961853027344|False|R1|0.11|GT Boo
139061135|245339|E|1.167674|2453128.1484|9.72|0.028|True|CV|0.93|1SWASP J120933.96+335637.2
139371600||||||||||
139468902||||||||||
139700621|121237|"ESD|DSCT"|0.34678|2451870.964|10.03|0.08|True|V|0.12|ASAS J213032-5306.5
139701741|14045|EA|2.63038586|2454432.6471|11.40500020980835|0.565000057220459|False|V|0.26|AK Eri
139721086|52373|EA|26.921|2452625.75|8.170000076293945|0.21000003814697266|False|V|0.92|CQ Ind
139732428|76220|EA|6.663685|2451874.7|8.794999122619629|0.18500041961669922|False|V|0.29|ASAS J042815-2306.1
139825840|64150|EA|7.6883|2458328.522|6.150000095367432|0.039999961853027344|False|V|0.28|NSV 25715
139841210|121506|EA|1.48903|2451874.35|10.716|0.18|True|V|0.19|ASAS J214150-5010.1
139845816|14680|HADS|0.1470117|2454734.729|7.670000314712524|0.26999974250793457|False|V|1.1|RS Gru
139878414||||||||||
140039144||||||||||
140044682||||||||||
140048219||||||||||
140064648|409808|ACV|0.539735|2454530.72|9.605000019073486|0.014999866485595703|False|V|0.15|HD 72140
140142451||||||||||
140209204|9552|EA/SD|2.75213|2452134.87|11.500000476837158|0.2999997138977051|False|V|0.21|SV Col
140212820||||||||||
140659978||||||||||
140659980||||||||||
140690428||||||||||
140736015|2213365|EA|7.31266|2458050.726|10.8|0.013|True|V|0.04|KELT KC26C14066
140801898||||||||||
140891597|272055|TTS/ROT|0.235576|--|10.84|0.054|True|V|0.74|CD-72 248
140893238||||||||||
141126559|18683|EB/KE|0.7766348|2442423.0889|10.309999942779541|0.32000017166137695|False|V|0.16|XY Men
141127435||||||||||
141148940|37240|EA|1.730418|2443936.4814|6.580000162124634|0.04999995231628418|False|B|0.13|DN UMa
141268467|18670|EA/DM|4.1811|2441984.6439|7.855000019073486|0.35500001907348633|False|V|0.56|UX Men
141333573|689909|EA/RS|4.24738|2458476.515|12.105000019073486|0.06500005722045898|False|V|0.4|TYC 9382-557-1
141411713||||||||||
141542585||||||||||
141606986|41374|EW|0.34384|2451869.18|9.769999504089355|0.46000003814697266|False|V|0.76|AU Men
141607553||||||||||
141610759||||||||||
141622065|78592|"ED|ESD"|2.9278|2451868.79|10.24|0.23|True|V|0.29|ASAS J055655-7320.5
141685465||||||||||
141770299|79002|EC|0.400298|2451878.228|9.613|0.181|True|V|1.68|ASAS J060726-7655.6
141809359||||||||||
141867895||||||||||
141914317|79599|EC|0.437177|2451868.85|11.94|0.48|True|V|0.08|ASAS J061937-7202.0
141975903|79755|EW|0.257707|2451868.148|11.184999465942383|0.21500015258789062|False|V|0.1|BB Men
141975926|844527|UV|--|--|12.700000286102295|0.5999999046325684|False|g|0.31|ASASSN-19uc
141978095||||||||||
142014932||||||||||
142018697||||||||||
142052876||||||||||
142080812|423493|VAR|--|--|9.31|0.12|True|r|0.21|GDS_J0752274-234303
142105466|80330|"EC|ESD"|0.433198|2451869.32|12.42|0.4|True|V|0.22|ASAS J063431-7203.1
142108949|18702|SRB|88.7|2452705.0|7.424999713897705|0.36500024795532227|False|V|0.37|AP Men
142110536||||||||||
142148228||||||||||
142677613||||||||||
142783746|172645|EA|6.1513|2451567.77|10.869999885559082|0.13000011444091797|False|CR|0.07|NU Dra
142811934||||||||||
142875987||||||||||
142930937||||||||||
142945544|75441|HADS|0.054113|2452559.748|10.425000190734863|0.125|False|V|0.46|BM For
143350469|77630|EA/RS|0.660855|2451868.72|11.252|0.191|True|V|0.49|ASAS J052919-1617.3
143924219||||||||||
144155582|271964|TTS/ROT|8.375|--|13.04|0.33|True|V|1.1|V1252 Cen
144194304|14674|EW/KW|0.4834455|2444463.804|9.349999904632568|0.15000009536743164|False|pg|0.4|V Gru
144201318||||||||||
144458841||||||||||
144462697|122277|EA|1.2339864|2451871.92|12.12|0.58|True|V|0.15|ASAS J222524-4435.7
144514566||||||||||
145151809|609725|EA|3.55441|2457768.77|12.980000019073486|0.40000009536743164|False|V|54.19|ASASSN-V J084710.21-515445.3
145755099|425299|VAR|--|--|14.11|0.66|True|r|97.21|GDS_J0811526-311719
146344020||||||||||
146439804||||||||||
146520491|40454|EW|0.448642|2451868.91|9.22499942779541|0.17500019073486328|False|V|0.39|AL Lep
146522930||||||||||
146559012||||||||||
146559015||||||||||
146846569||||||||||
147083089|133768|EW|0.362746|2451873.921|11.71000051498413|0.3899998664855957|False|V|0.44|DD Ind
147084337||||||||||
147114002||||||||||
147207533||||||||||
147302681||||||||||
147835092||||||||||
148274098|80949|EB|4.053243|2451875.3|11.66|0.25|True|V|0.2|ASAS J064543-3749.8
148305766|788148|SR|280.0|2457912.0|12.835000038146973|0.08500003814697266|False|V|69.35|ASASSN-V J152032.25-410430.1
148544875||||||||||
148612685||||||||||
148781497|285861|EA|2.539825|2453842.8212|--|--|False|V|0.63|T-Boo0-00080
148914726||||||||||
149121385||||||||||
149175965|838781|EW|0.223687|2457376.796|14.155000686645508|0.11499977111816406|False|V|1.35|ASASSN-V J052631.07-602239.0
149248196|13645|TTS/ROT|0.5139|2452897.85|6.549999713897705|0.19000005722045898|False|V|2.19|AB Dor
149252961||||||||||
149346418|13671|DCEP|9.842675|2449133.243|3.0750001668930054|0.3349999189376831|False|V|0.2|bet Dor
149473467|13664|EA|1.09487|2448500.426|9.682|0.228|True|V|0.22|AV Dor
149573659||||||||||
149600376||||||||||
149629043|482195|EA|2.188108|--|12.96|0.45|True|CV|0.15|SSS_J054959.3-630336
149861542|14186|EA|3.6586|2448502.817|5.755000114440918|0.08500003814697266|False|Hp|1.14|GW Eri
149926346|36109|BY+UV|0.3647|--|11.7|0.13|True|V|0.61|V1092 Tau
150101472||||||||||
150101476||||||||||
150101799||||||||||
150143137||||||||||
150187916|281086|ROT|1.116|--|8.288|0.026|True|V|1.37|ASAS J061451-6216.9
150300654|2213411|EA|5.450137|2456915.372|10.96|0.026|True|V|0.26|KELT KS21C019945
150357064||||||||||
150357290||||||||||
150361911|840397|EA|1.2469|2457374.685|12.529999256134033|0.12000036239624023|False|V|0.06|ASASSN-V J062554.07-643339.7
150429807||||||||||
150437899|305252|VAR|0.10133|--|6.28|0.008|True|V|0.77|HIP 30973
150440860||||||||||
150442264|26392|EB:|2.98179|2448502.266|6.065000295639038|0.02499985694885254|False|Hp|0.27|AE Pic
150443185|26349|EA|2.593666|2451875.673|8.65000057220459|0.9499998092651367|False|V|0.84|RX Pic
151826930|43752|EA|2.69535|2451966.704|9.405000686645508|0.27499961853027344|False|V|63.76|V1071 Cen
152223725|18747|EA+DSCT|4.4364|2452216.56|9.0|0.5|False|V|0.08|VY Mic
152507230|15924|EW/KW|0.31163818|2434243.382|11.049999237060547|0.35000038146972656|False|V|0.84|SY Hor
153166843|78641|EA|1.931644|2451871.08|10.94|0.55|True|V|0.24|ASAS J055829-2749.3
153742549||||||||||
153991851|37387|EB/DW|0.52492618|2441596.3365|9.670000076293945|0.3299999237060547|False|V|0.26|RU UMi
154067797|278568|EW|0.23659|2451400.536|9.65500020980835|0.06500005722045898|False|R1|1.53|V0462 Dra
154222671|300542|ROT|0.38995|--|11.162|0.27|True|V|2.19|ASAS J131300+5048.9
154339231|637207|EW|0.2931692|--|12.124|0.491|True|W1|0.09|WISE J063623.9+725200
154511165|44268|EA|0.840374|2451620.769|11.739999294281006|0.12000036239624023|False|R1|0.36|MZ Dra
155540827|34100|EA|3.6506|2448500.69|8.775000095367432|0.18499994277954102|False|Hp|0.43|BN Scl
155884454||||||||||
155915231|150398|EB|0.86685|2451408.908|10.855000495910645|0.2049999237060547|False|R1|0.31|MR Boo
156067195|285073|EA|3.5502111|2453132.155|13.372|0.025|True|V|5.26|HAT-148-0000574
156074324|300558|ROT|3.025|--|10.634|0.07|True|V|13.26|ASAS J154925+4608.4
156758188||||||||||
156758257|271993|TTS/ROT|0.23533|--|11.156|0.098|True|V|0.55|TYC 7100-2112-1
156832130|80297|"RRC|EC|ESD"|0.243548|2451869.359|9.41|0.12|True|V|0.84|ASAS J063358-4629.9
157018051|1546138|EA|15.0821|2458928.065|9.22|0.18|True|V|0.41|PMAK V69
157273321|37336|EA+DSCT|5.52|2448500.28|7.8899993896484375|0.3000001907348633|False|Hp|1.13|IO UMa
157788279||||||||||
157889314|150455|EA|1.4328|2451416.898|11.824999809265137|0.17500019073486328|False|R1|0.08|V0667 Lyr
157968186|4361|EA|2.0688069|2452501.5314|9.12999963760376|0.32000017166137695|False|V|0.9|AD Boo
158016784|4497|EA|3.197524|2453425.805|10.600000381469727|0.19999980926513672|False|V|0.42|GL Boo
158183591|226027|RS|1.8978|2453097.88|10.699999332427979|0.20000028610229492|False|V|0.36|V1445 Her
158218818|138096|EW|0.423924|2454953.9706|12.56|0.842|True|R1|0.28|ROTSE1 J190559.56+430748.7
158276780|169249|EA|1.153418|2454953.6636|11.999|0.06|True|Kp|0.07|V0747 Lyr
158321843|162965|EA|8.429432|2454965.2915|14.41|0.62|True|R|0.53|T-Lyr1-17236
158334003||||||||||
158366841|1522330|EW|0.326596|2458246.086|11.514999866485596|0.06500005722045898|False|V|0.4|ASASSN-V J181752.59+230851.2
158450472||||||||||
158579379|610240|EA|1.01451|2456658.094|12.130000114440918|0.3299999237060547|False|V|51.63|ASASSN-V J145120.52+590949.1
158849879|632346|MISC|0.4317437|--|11.36|0.228|True|W1|0.08|WISE J175940.9+235905
159105713|169513|EW|0.574947|2454954.1163|11.745|0.14|True|V|0.08|ASAS J191900+4332.6
159150734|58572|SPB:|0.48437|2448102.32|5.7149999141693115|0.015000104904174805|False|V|0.47|NSV 20137
159208074||||||||||
159444225|286919|E|0.283991|2454949.9302|--|--|False|Kp|0.12|KIC 7440742
159464498||||||||||
159502560||||||||||
159510983|130116|"EB|EW"|0.324269|--|11.764500617980957|0.30249977111816406|False|R1|0.27|NSVS 1053317
159628659|320644|EW|0.451047|--|15.56|0.41|True|CV|0.23|LINEAR 12641788
159723646|13201|EA|1.073113953|2455132.4221|11.850000381469727|0.25|False|R1|0.11|V2281 Cyg
159854359|139465|EW|0.326651|2456415.5111|9.454999446868896|0.27500009536743164|False|V|0.55|V0550 Dra
159871619||||||||||
160199003|550676|RRAB|0.483723|2457456.776|14.605000972747803|0.5349993705749512|False|V|113.61|ASASSN-V J123805.36-532624.7
160328766|41450|EA|10.3175|2452939.825|7.684999942779541|0.315000057220459|False|V|0.22|AW Col
160585813||||||||||
160618494|1500003|EA|4.26186|2458782.664|9.245000839233398|0.06499958038330078|False|V|0.68|NEV399
160704414|58685|VAR|0.907897|2448500.763|8.66499948501587|0.02500009536743164|False|Hp|117.65|NSV 20250
160991022||||||||||
161083755|110785|"ESD|EC"|0.313902|2451949.069|11.25|0.2|True|V|0.64|ASAS J182617-5137.6
161638713||||||||||
161687311|13859|EB|0.816599|2448500.705|9.139999866485596|0.15000009536743164|False|Hp|0.13|FX Dra
161744580|142098|EA|3.772|2451389.09|12.049999237060547|0.35000038146972656|False|R1|0.77|V0343 Dra
163377314||||||||||
164544018||||||||||
164554097||||||||||
164646288|169103|EA|0.733737|2454953.9987|10.5|0.15999984741210938|False|V|0.03|V0854 Lyr
164677806|162769|EA|4.447332|2454957.9337|11.37|0.303|True|R|0.18|T-Lyr1-02109
164782264|162773|EW|0.443935|2454964.6739|11.085|0.396|True|R|0.29|T-Lyr1-02407
164886585|253179|EA|28.166031|2455004.8755|--|--|False|Kp|0.5|KID 06504534
165147482||||||||||
165456443|469666|EA|4.31449|--|9.445000171661377|0.014999866485595703|False|V|0.18|HD 104186
165626871||||||||||
165721304||||||||||
165991532|45170|EA|51.439|2458696.02|3.6100001335144043|0.04999995231628418|False|V|0.92|alf Dra
166074503|37343|ELL:|1.16453|2448500.069|8.96999979019165|0.03000020980834961|False|Hp|0.22|IV UMa
166319733|496488|EW|0.282205|--|13.66|0.59|True|CV|29.48|SSS_J134640.9-374605
166803688||||||||||
166833476||||||||||
166874908|356622|EA/EL|2.189309|2454148.948|--|--|False|V|0.07|1SWASP J035838.33-311638.3
166933255||||||||||
166968742||||||||||
166969516|79545|EC|0.434007|2451868.74|11.05|0.26|True|V|0.27|ASAS J061842-6621.9
167005326|632596|EW|0.720426|--|11.421|0.104|True|W1|0.05|WISE J061958.4-695803
167086201|79769|RS|2.1969|2454330.9|9.400000095367432|0.09999990463256836|False|V|0.16|BK Dor
167123437||||||||||
167201539||||||||||
167251459||||||||||
167303776||||||||||
167524561||||||||||
167526485||||||||||
167554898||||||||||
167656297|484548|LPV|164.7989455|--|16.47|1.38|True|CV|70.4|SSS_J064955.1-600412
167673218|144288|EA/RS|17.943|2452867.708|10.190000057220459|0.26999998092651367|False|V|0.04|AY Col
167692429||||||||||
167717848|77443|E/RS|5.0614|2451877.8|10.617|0.345|True|V|0.1|ASAS J052246-3917.1
167717852|77443|E/RS|5.0614|2451877.8|10.617|0.345|True|V|57.21|ASAS J052246-3917.1
167719897|631358|MISC|0.5133167|--|11.064|0.143|True|W1|0.06|WISE J065307.8-654206
167747439||||||||||
167756615||||||||||
167792080||||||||||
167891342|81839|"ESD|EC"|0.63359|2451869.61|12.05|0.31|True|V|0.2|ASAS J070105-6233.7
168191566||||||||||
168674931|14183|EA|0.901378|2448500.814|8.284999370574951|0.2850003242492676|False|Hp|0.83|GT Eri
168675489|75874|"EC|ESD"|0.46068|2451868.81|10.16|0.23|True|V|0.51|ASAS J040455-3351.8
168696027||||||||||
168697816|480625|"EB|EW"|0.692115|--|11.66|0.32|True|CV|36.75|SSS_J040639.6-345834
169168102|16222|EA/DM|2.49963|--|6.249999761581421|0.12000012397766113|False|V|0.25|LO Hya
169316288||||||||||
169532543|17289|EB|0.915428|2430377.162|9.749999523162842|0.4500002861022949|False|pg|0.35|RR Lep
169573910|50731|EA|1.43979|2452055.777|7.424999952316284|0.17499995231628418|False|V|0.14|V5572 Sgr
169662927||||||||||
170246850|243433|EA|8.400406|2454955.0564|--|--|False|Kp|0.05|KID 06228703
170265784||||||||||
170516068||||||||||
170729895||||||||||
172742334||||||||||
173038281||||||||||
173077938|485848|EA|2.30901|--|14.83|0.43|True|CV|115.09|SSS_J072417.9-405341
173432542||||||||||
175182754||||||||||
175302441|1505184|ROT|1.98859|2458068.826|14.059999942779541|0.07000017166137695|False|V|91.85|ASASSN-V J074450.84-390157.5
175400938|1545939|EA|20.4478|2453035.75|9.430000305175781|0.23999977111816406|False|V|0.39|MNIC V131
175402069|38108|EA/HW+V361HYA|0.101015971|2452500.0593|12.84000015258789|0.46000003814697266|False|V|0.18|NY Vir
176252796||||||||||
176406202|371950|EA|1.51433|--|16.3|0.23|True|CV|42.08|CSS_J054610.8-022846
176910080||||||||||
177077475||||||||||
177258700|81138|EC|0.68796|2451869.01|11.1|0.48|True|V|0.13|ASAS J064900-7321.8
177308817||||||||||
177310620||||||||||
177441630||||||||||
177961519|409772|ACV|1.44561|2454509.74|9.804999351501465|0.015000343322753906|False|V|0.12|HD 59981
178171080||||||||||
178242590||||||||||
178284730|1543991|EP+BY|2.2359835|2456912.3511|11.01|0.022|True|V|0.38|WASP-140
178352046||||||||||
178858648|76205|EA|8.946595338|2451864.768|9.770000457763672|0.11999988555908203|False|V|0.25|ASAS J042724-2756.2
178938437|14195|EB|0.62358484|2448500.295|8.50499963760376|0.1550002098083496|False|Hp|0.33|HN Eri
179040607|272495|ROT|2.129|--|10.6|0.025|True|V|0.49|ASAS J051608-6815.5
179295564||||||||||
179368346|97597|EW|0.2626696|2451887.875|11.36|0.6|True|V|0.74|ASAS J140726-3835.7
179623765|713241|ROT|0.42175|2456885.56|11.029999732971191|0.05000019073486328|False|V|0.49|ASASSN-V J141236.14-383046.1
179637067||||||||||
179637488|840541|DCEPS|1.6484|2458005.799|13.619999885559082|0.05000019073486328|False|V|30.29|ASASSN-V J052158.53-675534.9
180412528||||||||||
181062415||||||||||
189349514||||||||||
193774939|15149|EA/SD|1.3057393|2443691.123|9.529999732971191|0.5399999618530273|False|V|0.27|V0338 Her
193831684|350002|SR|86.67|--|13.134|0.117|True|Ic|40.79|OGLE-BLG-LPV-191369
193948188|242077|EA|5.61829|2453866.0476|10.77|0.018|True|CR|0.14|2MASS J15155979+5031394
193971913|242081|EA|3.79276|2454221.107|9.66|0.025|True|CR|1.45|2MASS J15184324+5333388
193994472|1546386|EA|6.3517|2458973.58|12.21000051498413|0.1399998664855957|False|V|0.28|RYBI V10
194025647|137255|HADS|0.08493|2452081.937|10.910000801086426|0.18999958038330078|False|V|0.37|V5505 Sgr
196815186||||||||||
196920546|161881|E|1.535928|2452907.089|11.9|0.548|True|R|0.38|T-And0-03526
197933923|27335|EW|0.490104|2448500.28|7.820000648498535|0.3599996566772461|False|V|0.6|UX Ret
198006960||||||||||
198011271|75833|ED|1.933529|2451869.83|11.61|0.32|True|V|0.53|ASAS J040237-5502.5
198037741|75902|ESD|0.77997|2451869.06|8.73|0.31|True|V|0.62|ASAS J040637-5634.5
198076334||||||||||
198109209|251656|E:|0.9583|2451356.76|10.249999523162842|0.15000009536743164|False|R|0.17|GZ CVn
198240299||||||||||
198242676|13717|EA/AR/RS|4.6296238|2428020.3686|8.3|0.65|True|V|7.37|WW Dra
198242678|13717|EA/AR/RS|4.6296238|2428020.3686|8.3|0.65|True|V|0.99|WW Dra
198280388|229341|EW|0.488412|2455629.892|11.195000171661377|0.22499990463256836|False|V|0.12|V0554 Dra
198354443|162621|EC|0.3068937|2453128.331|11.59|0.02|True|R|0.18|T-Dra0-00829
198358825|2213605|EA|23.51526|2458001.158|12.66|0.037|True|V|1.22|KELT KC22C07252
198366673|630908|EA|1.7685579|--|10.891|0.073|True|W1|0.03|WISE J170858.5+555341
198388252|130149|EW|0.395158|2457488.0225|11.644999504089355|0.25500011444091797|False|V|0.44|V0559 Dra
198408416|179299|EW|0.364737|2453261.28|12.199999809265137|0.5|False|CR|0.27|GUVV-2 J171539.2+585152.3
198418712|1540278|HB|8.217|2458746.75|6.54|0.003|True|V|0.26|PMAK V34
198457457|161767|EW|0.40346|2451484.611|9.820000648498535|0.1099996566772461|False|R|0.89|V0374 Dra
198537349|58848||--|--|8.674999713897705|0.06500005722045898|False|B|0.58|NSV 20413
198555959|1499879|EA|4.19185|2458693.714|9.864999294281006|0.07500028610229492|False|V|0.7|NEV391
199420503|11362|EA|2.3859476|2428745.249|9.800000190734863|0.19999980926513672|False|pg|0.29|V0442 Cyg
199661915|1540554|ROT+EA|1.913|2458737.35|4.85|0.002|True|V|0.88|HD 151613
199662929|162615|EA|2.29393|2453128.416|10.64|0.029|True|R|0.25|T-Dra0-00358
199688293||||||||||
199688409|142105|EA|0.86829|2451286.82|12.300000190734863|0.19999980926513672|False|R1|0.07|GSC 03885-00583
199688472||||||||||
199709055|162633|EA|3.05482|2453126.49|12.825|0.095|True|R|0.87|T-Dra0-01519
199716496|142106|EA|1.04577|2451415.81|10.8149995803833|0.25500011444091797|False|V|0.64|V0556 Dra
200297691|4517|EA/SD:|6.97898|2454846.73|9.074999332427979|0.5750002861022949|False|V|0.67|W Cae
200363295|77038|EA|1.50637|2451870.09|9.382|0.15|True|V|4.32|ASAS J050816-4449.1
200368010|1543366|BY|122.318|--|12.65|0.007|True|G|3.63|2MASS J05094385-4325174
200373531||||||||||
200375020|481395|RRAB/BL|0.518611|--|14.99|0.7|True|CV|13.28|SSS_J051101.4-464516
200440175|40332|EA|3.6521|2452215.706|11.855000495910645|0.41499996185302734|False|V|0.13|SX Cae
200440270||||||||||
201186294||||||||||
201291281|26301|EB|0.810352|2448500.337|8.170000076293945|0.1700000762939453|False|Hp|1.4|BL Phe
201747686|2213669|EA|1.345356|2455290.624|9.7|0.015|True|V|0.83|KELT KS28C01213
202299805|150450|EA|1.54565|2451420.625|10.875000476837158|1.174999713897705|False|R1|0.42|PU Dra
202442974|58711|EA|5.47798|2448953.47|7.960000514984131|0.059999942779541016|False|V|0.34|NO Dra
202444594|2213571|EA|7.996208|2455986.597|8.8|0.011|True|V|0.35|KELT KC22C09694_ING
202490797|2213238|EA|1.69626|2457486.094|8.44|0.009|True|V|0.16|KELT KC21C00851
202839485|279|RRAB|0.4127687|2437937.841|15.049999237060547|0.8500003814697266|False|pg|20.83|MQ And
207385593||||||||||
207394908|320127|EA|1.301085|--|15.38|0.36|True|CV|0.09|LINEAR 9614153
207398432|179199|EA/RS|9.258006|2451275.789|10.90000057220459|0.19999980926513672|False|CV|0.38|GUVV-2 J160752.0+552649.3
211116547||||||||||
211215485|32103|EA|1.70148|2448501.224|8.450000286102295|0.23000001907348633|False|Hp|0.41|V4403 Sgr
213067604|76867|EW|0.321987|2454777.755|10.570000171661377|0.34999990463256836|False|V|0.3|V2833 Ori
218988566|722887|EA|1.0169|2458080.775|12.97499942779541|0.05500030517578125|False|V|60.67|ASASSN-V J081925.71-220921.6
219096494||||||||||
219107776|13839|UG+E|0.2099397|2452500.007|11.649999618530273|1.8500003814697266|False|B|1.34|EX Dra
219154792||||||||||
219173590|26709|EA/SD|7.6498|2452795.46|9.199999809265137|1.0|False|V|0.27|CF Pup
219176881|78929|EW|0.46364516|2451868.137|10.659999370574951|0.16000032424926758|False|V|0.26|AS Pic
219201178||||||||||
219203188|26949|EA/WD+NL|0.231936|--|12.199999332427979|1.200000286102295|False|V|0.11|V0347 Pup
219222201|15958|EA|2.3833|2448500.972|8.405000686645508|0.1549997329711914|False|Hp|0.39|AE Hor
219234021||||||||||
219244444|4521|EA/WD|0.3037036366|2451523.0486|14.88|3.3|True|B|8.38|RR Cae
219345200||||||||||
219346326|26374|EW|0.425763|2448500.007|7.014999866485596|0.04500007629394531|False|Hp|0.39|VW Pic
219362976||||||||||
219373406|26340|EA/SD|0.8619043|2429112.169|10.149999618530273|0.5500001907348633|False|pg|0.17|X Pic
219389540|280988|ROT|1.553|--|10.784|0.032|True|V|0.21|ASAS J050805-5316.0
219421171||||||||||
219435542|1498432|EA|7.19898|2458210.319|9.589999675750732|0.1100001335144043|False|V|0.57|NEV360
219738202|13773|EW|0.57902455|2449810.5899|10.63|0.54|True|V|0.25|BX Dra
219750638|130164|"EB|EW"|0.407497|--|10.156499862670898|0.23449993133544922|False|R1|1.68|NSVS 2888730
219771660||||||||||
219773223||||||||||
219790151|61821|TTS/ROT|1.842|--|10.29|0.02|True|V|0.76|NSV 23386
219795383||||||||||
219859691|229387|EB|0.44575549|--|9.54|0.21|True|R1|0.13|NSVS 1088212
219893630||||||||||
219900027|13746|EB|0.51526649|2435635.397|11.225000381469727|0.3249998092651367|False|V|0.26|AU Dra
219927211||||||||||
220015845||||||||||
220042007|26354|EA/DM|1.838115|2428815.475|9.904999256134033|0.24500036239624023|False|V|0.11|SU Pic
220082557|2212817|EA|2.257188|2457343.689|11.64|0.019|True|V|0.04|KELT KS05C048158
220389612||||||||||
220391605||||||||||
220397947||||||||||
220402294|40311|EA|0.785242|2453470.55|11.114999771118164|0.33500003814697266|False|V|0.21|BD Dor
220416446|76490|EC|0.30968|2451869.169|10.92|0.35|True|V|0.5|ASAS J044447-5427.0
220420534|410600|EA|1.83616|2452465.97|8.619|0.204|True|Ic|0.3|ASAS J044758-5600.5
220430912|13656|EA|2.03268|2453850.482|7.570000171661377|0.09999990463256836|False|V|0.08|AN Dor
220474209||||||||||
220521199|15947|EA|0.728851|2448500.521|7.9800004959106445|0.15999984741210938|False|Hp|1.93|WZ Hor
224308601||||||||||
224605072|162623|EC|0.6648647|2453128.331|12.105|0.231|True|R|0.27|T-Dra0-00919
224605859||||||||||
224606205|162673|EA|0.684456|2453128.446|14.35|0.208|True|R|0.31|T-Dra0-07116
229476285||||||||||
229480487|300595|ROT|1.2792|--|10.954|0.11|True|V|0.2|ASAS J194206+6546.8
229495981|1540239|EA|9.04159|2456595.44|12.079999923706055|0.039999961853027344|False|V|0.13|1SWASP J194632.60+605320.3
229510866||||||||||
229585542|629392|MISC|0.5103685|--|9.409|0.126|True|W1|0.05|WISE J180606.5+723505
229687624|13794|EW|0.617617|2447305.437|9.199999809265137|0.3000001907348633|False|pg|0.28|CV Dra
229689154||||||||||
229740848||||||||||
229751802|629143|MISC|0.5162538|--|8.3|0.124|True|W1|0.01|WISE J184312.4+695555
229751806||||||||||
229771234|229673|EB|0.82101309|--|11.09|0.24|True|R1|3.46|NSVS 3013536
229777486||||||||||
229804573|16567|EA|1.46406335|2455783.0578|5.985000133514404|0.125|False|V|0.47|BG Ind
229810745|842527|EA|324.0|2457805.0|12.114999771118164|0.125|False|V|1.66|ASASSN-V J025900.19-720950.3
229910322||||||||||
229913521|13723|RRAB/BL|0.476497|2441928.374|9.0600004196167|0.5299997329711914|False|V|0.18|XZ Dra
229914020|1542986|EA+BY+UV|0.676023|2457458.579|12.224999904632568|0.27500009536743164|False|V|0.79|PMAK V50
229938859||||||||||
229975095||||||||||
230017324||||||||||
230063769|1499905|EA+BY|8.26139|2458707.104|10.434999465942383|0.04500007629394531|False|V|0.53|NEV392
230065962|1499957|EA+BY|15.9568|2458747.55|11.675000190734863|0.04500007629394531|False|V|0.18|NEV395
230086768||||||||||
230114503||||||||||
230273344|109173|"EC|DSCT|DSCTr|ESD"|0.319853|2452709.97|11.555|0.324|True|V|0.52|ASAS J180735+2239.8
230386284|1540365|EA+UV|0.341493|2458748.7177|10.54|0.24|True|V|0.08|PMAK V41
230955191|114333|ROT|0.5261|2451968.04|10.132|0.091|True|V|1.44|ASAS J190922-5417.1
231075361|76255|"ESD|EC"|0.319732|2451869.12|12.15|0.17|True|V|0.32|ASAS J043052-6649.9
231093356|76332|ED|3.470323|2451870.2|11.64|0.34|True|V|0.28|ASAS J043553-7013.7
231292500||||||||||
231714759|37018|EA/SD|5.46093|2434305.65|9.599999904632568|0.5999999046325684|False|V|0.24|AN Tuc
231809798||||||||||
231822771|78242|EA|2.01481|2451869.13|11.5|0.36|True|V|0.34|ASAS J054549-4802.4
231922417|79204|EA|0.687161|2451868.77|9.41|0.16|True|V|0.03|ASAS J061137-4554.9
231972938||||||||||
231973885|26632|EA|2.89481|2454184.577|10.019999504089355|1.260000228881836|False|V|0.1|TW Pup
232030067||||||||||
232572560|13862|EB|2.26957|2448500.341|8.71000051498413|0.059999942779541016|False|Hp|0.19|GG Dra
232629077|2212529|EA+BY|3.655007|2458834.221|8.85|0.13|True|V|1.99|1SWASP J175555.34+560207.1
232681393||||||||||
233006806|1513417|ROT|1.51034|2457221.806|13.41499948501587|0.07500028610229492|False|V|0.85|ASASSN-V J162912.32+752720.5
233060434||||||||||
233195058||||||||||
233207585|130182|"EB|EW"|0.308014|--|10.471000671386719|0.29399967193603516|False|R1|2.34|NSVS 1097794
233211759||||||||||
233233639|130187|"EB|EW"|0.440313|--|11.736499786376953|0.1595001220703125|False|R1|0.65|NSVS 2958703
233390838||||||||||
233397725||||||||||
233460141|271955|EA+BY|1.6279866|2452760.705|15.3|0.2|True|V|0.07|LP 133-373
233524881||||||||||
233531814||||||||||
233532554|13682|EA/SD|2.8313215|2444483.391|8.349999904632568|1.6500000953674316|False|V|0.13|RR Dra
233544319||||||||||
233569141|1546360|HB+EA|16.46661|2458988.83|9.72|0.025|True|V|0.06|KELT KC23C006426
233659263||||||||||
233679640|229405|RS|4.39791065|--|11.69|0.8|True|R1|2.89|NSVS 2912600
233684437||||||||||
233720276|229593|"EB|EA"|1.09920594|--|9.18|0.65|True|R1|1.03|NSVS 2999671
233722938|1546320|EA|10.7578|2457553.036|13.175000190734863|0.125|False|V|0.24|RYBI V8
233738458|1543009|EA|14.3647|2458782.8218|6.6|0.097|True|V|1.1|PMAK V51
234211934|609295|EA|0.53247|2457805.881|12.75999927520752|0.1400003433227539|False|V|4.09|ASASSN-V J064640.03+010915.4
234386436|5599|DQ|0.13475|--|13.049999237060547|0.8500003814697266|False|V|0.2|BG CMi
234451000||||||||||
235073221|78191|EC|0.298724|2451869.163|10.37|0.08|True|V|1.64|ASAS J054442-4423.1
235598526|593602|YSO|--|--|12.75999927520752|0.18000030517578125|False|V|0.63|ASASSN-V J181038.78+180550.0
235666667|62915|VAR:|--|--|6.48|0.08|True|V|3.94|NSV 24480
235718636||||||||||
236865152|1499936|EA|38.2127|2458722.184|9.115000247955322|0.06500005722045898|False|V|0.4|NEV394
236973844|13800|EA/DM|5.298036|2442626.2861|5.72|0.16|True|V|0.36|DE Dra
237069277||||||||||
237104103||||||||||
237200747||||||||||
237234024||||||||||
237277760|13768|EA/DM|3.364012|2441461.4242|8.75|0.36999988555908203|False|V|0.13|BS Dra
237278994|629370|EW|0.3429639|--|9.359|0.169|True|W1|0.02|WISE J195838.1+721418
237290473||||||||||
237917228||||||||||
237918394||||||||||
237941053||||||||||
238162237||||||||||
238776175|1597344|EW|0.3289136|2458335.9694|16.875|0.211|True|r|67.71|ZTF J025810.67+420535.0
238892775||||||||||
238896417||||||||||
238914431||||||||||
238917338|79440|EA|4.075744|2451874.1|12.29|0.32|True|V|0.08|ASAS J061645-4842.9
240931244|53690|GDOR|0.54867|2400008.0028|7.68|0.06|True|B|1.1|V1012 Cas
241078868|1501276|ROT|0.343148|2458416.956|11.970000743865967|0.04999971389770508|False|V|0.57|ASASSN-V J015558.09+504027.8
241751294||||||||||
241843363|98257|HADS|0.1669972|2455200.003|9.544999599456787|0.11500024795532227|False|V|0.19|V1429 Cen
242530449|58520|CST:|--|--|--|--|False|V|0.7|NSV 20085
242944454|75734|EW|0.404864|2454817.639|11.0|0.25|False|V|0.46|V1385 Tau
243248327||||||||||
243319567|130256|EW|0.4392617|2456818.9585|10.819999694824219|0.3000001907348633|False|V|0.38|V2846 Cyg
244207973|24701|EB|0.614052|2450775.5051|11.5|0.39|True|V|0.26|V1638 Ori
244208023|24700|EA|1.82276|2451871.01|11.540000438690186|0.559999942779541|False|V|0.08|V1637 Ori
244865631||||||||||
245035219|8121|ACV|1.272|--|6.3|0.035|True|V|0.58|V0824 Cen
245863693|35049|EA|1.0773555|2421192.395|11.25|0.25|False|V|0.87|TY Tau
246745789||||||||||
247160445||||||||||
248399337|24426|EW|0.431915|2448500.034|10.230000495910645|0.11999988555908203|False|Hp|0.81|V1363 Ori
248403190|23238|EA/SD+DSCT|1.55098194|2454147.705|9.799999237060547|1.6000003814697266|False|pg|0.16|FL Ori
248410138|14075|EB/DM|0.82197|2453051.601|10.549999713897705|0.15000009536743164|False|V|0.29|BQ Eri
248990782||||||||||
249943198|376|EB|0.798672|2452500.492|7.519999742507935|0.16000008583068848|False|Hp|0.82|V0376 And
250195155|76091|EA|6.47649|2451942.758|8.349999904632568|0.26999998092651367|False|V|0.81|ASAS J042041-0144.4
250196734||||||||||
250453538|469909|ACV|1.638|2454332.27|10.069999694824219|0.010000228881835938|False|CV|0.17|BD+51 469
252096958|161803|EB|1.164421|2455817.43|10.390000343322754|0.15999984741210938|False|R|0.06|V1062 Cas
252109307|642367|EW|0.8730375|--|12.64|0.211|True|W1|25.85|WISE J010205.7+543646
252791409|1545881|EA|17.941|2458879.065|8.01|0.21|True|V|0.39|PMAK V64
253832770|2213106|EA|4.608731|2456866.067|10.24|0.022|True|V|0.34|KELT KS27C005325
253844234||||||||||
254258206|27794|EA/DS|8.019537|2422224.378|8.16499948501587|1.2350001335144043|False|V|0.25|BQ Sgr
254278612||||||||||
255552705||||||||||
255565860||||||||||
255586667|79941|EC|0.406439|2451869.05|10.88|0.33|True|V|1.12|ASAS J062645-5303.7
255700967||||||||||
255806138|58579|VAR|0.08412|--|8.06|0.019|True|V|0.92|NSV 20144
255921197||||||||||
255993777||||||||||
256298934|13755|EB/KE|0.5224911|2436317.368|11.050000190734863|0.25|False|pg|0.41|BE Dra
256327585||||||||||
256640561|623629|E|0.8602|2457346.3981|8.383|0.02|True|V|0.66|HIP 107891
256775514|365510|EA|0.595314|--|12.69|0.25|True|CV|0.2|CSS_J032306.5+030404
257648522|2213606|EA|2.694835|2457241.606|10.43|0.004|True|V|0.7|KELT KC10C04490
258351350|13898|EA|0.772943|2448500.765|8.079999923706055|0.07999992370605469|False|Hp|0.38|HZ Dra
258773798|629648|EW|0.3364708|--|9.896|0.123|True|W1|0.51|WISE J190442.6+661807
258799793|270643|EW|0.254853|2455829.419|13.948|0.28|True|V|6.97|RX J1906.5+6817
258923466||||||||||
259126645|13711|EA/DM|3.2613024|2441570.283|9.499999523162842|0.40000009536743164|False|pg|0.52|UZ Dra
259128582||||||||||
259373684||||||||||
259408109||||||||||
259701720|26347|EA/DM|3.97178|2441286.757|8.415000438690186|1.2249999046325684|False|V|0.12|RV Pic
259850442|43412||--|--|--|--|False|V|0.79|NSV 4788
259967623|2100900|SR|203.3591434|2458360.4866|15.431|1.197|True|r|27.0|ZTF J211602.35+643147.5
260003467||||||||||
260131665|26396|EB/D:|1.672541|2441695.336|4.525000095367432|0.125|False|V|0.11|del Pic
260132330|575841|L|--|--|13.25999927520752|0.3900003433227539|False|V|57.31|ASASSN-V J061016.53-562227.8
260161144|55236|EA|2.23415|2453517.483|9.230000495910645|0.19999980926513672|False|V|0.57|AO Pic
260162199|79179|EC|0.268066|2451868.945|12.49|0.53|True|V|0.84|ASAS J061113-5557.2
260239481||||||||||
260304296||||||||||
260352096||||||||||
260370454|6075|EB/KE|0.7951|2452910.82|9.200000762939453|0.39999961853027344|False|V|0.45|PX Car
260502102||||||||||
260504147||||||||||
260506296||||||||||
260654645|80232|DSCT|0.091037|2451868.901|12.51|0.48|True|V|0.12|ASAS J063245-5748.4
260659986||||||||||
260709448||||||||||
260772408||||||||||
260778617||||||||||
261105201|18698|EB|0.955557|2448500.049|8.595000267028809|0.16499996185302734|False|V|1.04|AL Men
261136000|18704|ELL:|5.288|2441979.85|5.974999904632568|0.02500009536743164|False|V|0.26|iot Men
261205462||||||||||
261332760|79056|ED|5.672635|2451878.0|12.07|0.25|True|V|0.05|ASAS J060846-7815.4
261335113||||||||||
261646556|39099|EA|1.925023|2451870.49|11.900000095367432|0.40000009536743164|False|V|0.43|NSV 475
261656371|16373|EA|7.19505|2425477.4|11.300000190734863|0.5|False|pg|0.67|RV Hyi
261749149||||||||||
261863003|57979|CST:|--|--|--|--|False|V|0.91|NSV 19544
262434790|76662|EW|0.314392|2454143.58|11.899999618530273|0.3000001907348633|False|V|0.74|V2794 Ori
262465161|23226|EA/SD|0.9509356|2426684.283|10.649999618530273|0.5500001907348633|False|pg|0.14|ET Ori
262613883|56045|ACV|1.83993|2454870.64|9.285000801086426|0.024999618530273438|False|V|0.21|NSV 17610
263074592|73962|EA/RS|8.069388|2451873.4519|9.785000324249268|0.2649998664855957|False|V|0.63|ASAS J010538-8003.7
263635510|2212952|EA|0.876879|2458052.743|14.1|0.34|True|V|17.57|KELT KC26C04438
264180664||||||||||
264537668||||||||||
264540478|24719|E/D|2.52596|2438802.914|4.520000219345093|0.029999971389770508|False|V|0.04|psi Ori
264594193|54731|EA|2.22878|2448188.925|7.049999952316284|0.029999971389770508|False|V|0.17|V1804 Ori
264688425|281161|EC|0.30428|--|9.785|0.042|True|V|0.19|ASAS J071817+0620.2
265613590|64287|EA/DM|4.818025|2448398.245|7.670000076293945|0.059999942779541016|False|V|2.67|DV Gru
266195807||||||||||
266610248|5557|RRAB|0.4634391|2453464.8929|13.649999618530273|0.5500001907348633|False|V|0.49|VY CMi
266845051||||||||||
267542072|1865979|BY|3.7255166|2458376.8427|18.521|0.139|True|r|116.01|ZTF J191721.59+763827.4
268289462|243411|EA|3.505137|2454955.2058|11.39|0.52|True|Kp|0.11|KID 06891512
268772301|81853|ESD|1.42147|2451869.06|9.26|0.27|True|V|0.07|ASAS J070119-0307.8
269411609|606829|L:|--|--|14.450000286102295|0.25999975204467773|False|V|76.93|ASASSN-V J232141.40+641256.9
269609504|8465|EA/SD|1.858924|2455881.706|11.300000667572021|0.7999997138977051|False|pg|0.07|CM Cep
269696438||||||||||
269762258||||||||||
270341486|74585|EA|7.4606|2451889.0|10.51|0.41|True|V|0.27|ASAS J021258-8124.0
270491267|647466|EW|0.3992862|--|13.122|0.281|True|W1|0.11|WISE J152926.3+701154
270491865|229251|EW|0.4487956|--|9.16|0.2|True|R1|29.64|NSVS 2773474
270665642|8499|EB|1.57457|2456237.647|11.545000553131104|0.30499982833862305|False|V|0.17|DY Cep
271013213||||||||||
271040768|243223|EA|20.733744|2454965.8458|--|--|False|Kp|0.27|KID 09837578
271529021|137652|EA|6.068438|2456256.619|9.894999504089355|0.4250001907348633|False|V|0.2|V0731 Cep
271547896|11015|EA|1.332564453|2456422.8761|9.27500057220459|0.5749998092651367|False|V|0.07|BR Cyg
271550131||||||||||
271596290|82654|ED|2.5649|2451870.08|10.85|0.14|True|V|0.21|ASAS J071402-7442.7
271763731||||||||||
271773721|243235|EA|21.57048|2454984.7924|--|--|False|Kp|0.12|KID 09474969
271900514|838531|BY|--|--|13.285000801086426|0.06499958038330078|False|V|1.07|ASASSN-V J073228.10-744552.1
271900941||||||||||
272086159||||||||||
272086869||||||||||
272179220|170309|EA|38.512595|2454988.5914|13.116|0.29|True|V|0.15|ASAS J194414+4240.1
272650576|400339|EA|16.257|2456423.231|9.019999980926514|0.1399998664855957|False|V|0.21|BD UMi
272839425|244903|ELL|0.360279|2454953.8736|--|--|False|Kp|0.15|KID 10155563
272944291|243361|EA|1.418746|2454954.9849|--|--|False|Kp|0.09|KID 07382250
273043307|11915|EA|3.55651727|2455375.5202|10.500000476837158|0.7999997138977051|False|pg|0.08|V0995 Cyg
273792220||||||||||
273861698||||||||||
273885188|11302|EB|1.885527|2454344.4972|7.84499979019165|0.44500017166137695|False|V|0.1|V0382 Cyg
274039489|365271|E|0.305297|--|16.97|0.39|True|CV|0.31|CSS_J031452.0+020607
274088422|75275|EW|0.341513|2455070.902|10.075000762939453|0.19499969482421875|False|V|1.11|LW Cet
274129522|243801|EA|8.209519|2454967.0624|--|--|False|Kp|0.03|KID 08906676
274135602||||||||||
274238240|2213600|EA|6.206212|2458005.594|10.38|0.011|True|V|0.28|KELT KC22C11923
274509791|13735|EA/SD|1.1988146|2443291.627|6.53000020980835|0.5199999809265137|False|V|0.09|AI Dra
274551602|252777|EB|0.38031128|2454256.492|13.057000637054443|0.17999982833862305|False|CV|0.29|1SWASP J165659.02+494647.6
275367529||||||||||
275489982|243177|EA|13.787518|2454955.9738|--|--|False|Kp|0.18|KID 09221398
276232142|227827|EA|2.50986732|--|11.06|0.69|True|R1|0.43|NSVS 509040
276456395||||||||||
276935987||||||||||
277943745||||||||||
278003738|113335|DSCT|0.11701|2451963.109|10.59|0.08|True|V|0.08|ASAS J185702-3449.2
278180434||||||||||
278270436||||||||||
278352995|2054547|BY|0.6432824|2458289.9525|18.223|0.101|True|r|54.61|ZTF J202957.01+484609.6
278683641||||||||||
278731274|844176|ROT:|--|--|13.87999963760376|0.15000009536743164|False|V|0.42|ASASSN-V J063806.72-560453.3
278780044||||||||||
278825952|80740|ED|4.781037|2451874.8|12.01|0.16|True|V|0.2|ASAS J064153-5547.7
278863150||||||||||
278895603|80877|EC|0.74095|2451868.86|10.12|0.26|True|V|0.41|ASAS J064419-5527.2
278956474|841073|EA|5.4879|2457718.769|13.46999979019165|0.059999942779541016|False|V|0.09|ASASSN-V J064541.25-570817.1
278988794||||||||||
279081935||||||||||
279087522|81200|ED|4.2407|2451872.2|9.78|0.18|True|V|0.08|ASAS J065014-5459.7
279089927|81215|"ESD|EC"|1.906|2451870.91|12.26|0.41|True|V|0.25|ASAS J065030-5837.9
279156705|81331|"EB|EW"|0.72287|2451868.89|11.14|0.46|True|V|0.37|ASAS J065227-5524.6
279202406|39211|EA|4.922|2451343.082|11.425000190734863|0.375|False|R1|0.24|V1015 Cas
279254042|121937|EA|0.59687|2451871.28|11.478|0.109|True|V|0.3|ASAS J220533-4320.9
279401848|75667|EC|0.35215|2451868.74|12.19|0.41|True|V|0.11|ASAS J035014-1739.1
279462605|2213376|EA|4.800865|2458029.66|11.18|0.009|True|V|0.32|KELT KC18C012925
279569707|469660|EA|3.97948|2454193.66|9.149999618530273|0.05000019073486328|False|V|0.2|HD 54011
279569718|469660|EA|3.97948|2454193.66|9.149999618530273|0.05000019073486328|False|V|67.35|HD 54011
279570232||||||||||
279572906||||||||||
279615979|485216|"EB|EW"|0.481457|--|12.79|0.18|True|CV|0.35|SSS_J070522.4-594336
279741942|39786|EA|14.21605|2452898.794|7.599999666213989|0.29000020027160645|False|V|0.97|VY Ret
279955276|77608|"ESD|ED"|0.57685|2451869.48|11.36|0.18|True|V|0.16|ASAS J052833-6836.2
280033934|139467|EW|0.27878|2451282.93|10.850000381469727|0.25|False|R1|1.32|GSC 04449-00995
280564453||||||||||
280685089||||||||||
281114303||||||||||
281498280|711286|EA|0.375312|2458097.65|14.279999732971191|0.21000003814697266|False|V|3.82|ASASSN-V J002526.12-552841.8
281577119||||||||||
282270717|24067|DSCTC|0.0611|--|5.860000133514404|0.019999980926513672|False|V|0.24|V1004 Ori
282925798|58691|EA|2.44405|2448832.12|6.755000352859497|0.06499981880187988|False|V|0.02|PX Dra
283677584|75927|EA|1.85925|2451966.14|8.81|0.115|True|V|0.23|ASAS J040850+1027.8
283987930||||||||||
284050381|2214213|EP|1.35932|2458765.4757|10.44|0.003|True|V|26.8|TOI 1568.01
284364590|161773|EA|1.21742|2451478.64|10.770000457763672|0.15999984741210938|False|R|0.12|V0423 Dra
284445951||||||||||
284595199|300543|EA|3.4727|--|9.611|0.24|True|V|0.43|ASAS J131507+4402.6
284611896||||||||||
284613090|82792|EA|11.554677|2452425.629|10.03499984741211|0.2049999237060547|False|V|0.36|ASAS J071626+0548.8
285181196|160187|EW|0.1926347|2451566.6629|13.15500020980835|0.09499979019165039|False|V|2.99|BX Tri
285516033||||||||||
286169292|130055|"EB|EW"|0.440437|--|11.259500503540039|0.16849994659423828|False|R1|1.47|NSVS 2800224
286358203||||||||||
286956931||||||||||
287151976|1540771|EA+BY+UV|1.56764|2458776.868|12.584999561309814|0.11500024795532227|False|V|1.48|PMAK V48
287256222|105230|EA|0.587301|2454563.836|10.025000095367432|0.22499990463256836|False|V|0.35|V1402 Her
287326187|485622|ROT|0.295779|--|17.24|0.3|True|CV|113.94|SSS_J071809.4-555512
287328866||||||||||
287351976|42575|EA|1.92193|2453461.716|11.564999103546143|0.41500043869018555|False|V|0.13|AB Vol
288312840|300570|ROT|0.75895|--|11.266|0.08|True|V|1.76|ASAS J173038+7855.8
288346083|1546125|EA|50.0767|2453441.34|7.39|0.18|True|V|0.57|PMAK V68
288471108||||||||||
288517585||||||||||
288778712|130297|EB|0.498923|--|9.78999948501587|0.15000009536743164|False|V|0.34|V3091 Cyg
289166536|137951|EW|0.468816|2452886.3468|10.949999809265137|0.25|False|w|0.24|V0653 Lyr
289370888|18446|EW/KE|0.8607794|2452500.7584|12.25|0.25|False|pg|0.81|V0406 Lyr
289379110|18206|EA/SD|1.9487288|2426499.697|10.049999713897705|1.1500000953674316|False|V|0.23|EW Lyr
291340620||||||||||
291385340|79477|EA|15.7199|--|10.98|0.09|True|V|0.17|ASAS J061727+1100.3
291466214|136363|EA|7.0508|2452784.54|7.615000486373901|0.20499968528747559|False|V|0.33|V0575 Car
293151358|670|EA/SD|2.312944|2439209.502|8.309999465942383|0.5500001907348633|False|V|0.22|DW Aps
293345927||||||||||
293480903||||||||||
293525651||||||||||
294092960|281153|EB|0.90226|--|9.062|0.052|True|V|25.97|ASAS J070922-5729.8
294092966|281153|EB|0.90226|--|9.062|0.052|True|V|1.13|ASAS J070922-5729.8
294200378|106901|"ESD|ED"|2.985072|2451934.34|11.06|0.18|True|V|0.21|ASAS J173939-6658.8
294206429|6205|EA|1.0550404|2451869.758|7.8550004959106445|0.16499996185302734|False|V|0.16|V0452 Car
294206967|840782|EA|2.758|2456814.455|12.615000247955322|0.10500001907348633|False|V|50.61|ASASSN-V J071313.06-591848.8
294261093|57147|VAR|1.32885|--|6.86|0.018|True|V|0.16|NSV 18712
294273900|42121|EW|0.472292|2451878.748|8.919999599456787|0.24000024795532227|False|V|0.55|V0604 Car
294327312|55845||--|--|6.875000238418579|0.02499985694885254|False|Hp|0.75|NSV 17410
294396726|42141|EB|0.899477|2454580.52|11.074999332427979|0.3250002861022949|False|V|0.2|NSV 3517
294784522|76500|"EC|ESD"|0.49562|2451869.11|9.8|0.22|True|V|0.22|ASAS J044516-7060.0
294929861||||||||||
296184440||||||||||
296638064|37743|ACV|1.41299|2448500.838|8.25499963760376|0.02500009536743164|False|Hp|0.37|QS Vel
298246821|4360|EW/KW|0.3524484|2452499.95|9.690000057220459|0.309999942779541|False|V|0.18|AC Boo
298541138|15870|EA|0.59943|2451265.8307|11.649999618530273|0.25|False|R1|0.11|V1059 Her
298661555|137264|EW|0.22787595|2452526.4286|13.769999980926514|0.3600001335144043|False|V|0.97|V1104 Her
298666271|13882|EW|0.597419|2448500.322|8.93000078201294|0.08999967575073242|False|Hp|0.19|HI Dra
299160301|12997|EA|5.9372|2453710.257|9.084999561309814|0.07500028610229492|False|Hp|0.15|V2077 Cyg
299219025|243073|EA|--|2454960.0805|--|--|False|R|0.2|KID 11959569
299443090||||||||||
299702740||||||||||
299778628||||||||||
299899924||||||||||
299906906||||||||||
299948201|97144|DSCT|0.141341|2451955.194|8.502|0.12|True|V|0.32|ASAS J135240-6315.3
300560295||||||||||
300654002|38133|EA/AR:|2.75815|2452229.8|10.000000476837158|0.5999999046325684|False|V|0.18|W Vol
300871545||||||||||
301022235|14165|EA|1.87218|2448725.744|9.024999618530273|0.21500015258789062|False|V|0.29|FU Eri
301264684||||||||||
301323571|409878|ACV|1.56519|2453902.49|9.75499963760376|0.02500009536743164|False|V|0.18|HD 103303
301741204||||||||||
301859899||||||||||
301956407||||||||||
302136704||||||||||
302146957||||||||||
302384263|136039|EA|6.709914|2450185.5067|10.4|0.1|True|V|2.51|FQ Cet
302386283||||||||||
302625238|7107|EW|0.440416842|2456249.2107|8.770000457763672|0.07999992370605469|False|V|0.32|V0776 Cas
302686340|1594524|EW|0.300142|2458283.9799|17.579|0.148|True|r|61.61|ZTF J024700.10+671023.8
302773503||||||||||
303255899||||||||||
303909865|74225|EA|2.12664|2451869.71|9.936|0.32|True|V|0.22|ASAS J013112-7556.9
304033253||||||||||
304101379|410544|"EC|CW-FO|ACV|ESD"|3.2145|2452419.2|8.293|0.032|True|Ic|0.94|ASAS J015024-7346.2
304458680|433627|VAR|--|--|13.91|0.32|True|r|88.98|GDS_J1059499-593603
305386053|11584|EA/KE:|1.242052|2428344.442|12.850000381469727|0.25|False|pg|0.66|V0664 Cyg
305399324|1499870|EA/RS|6.1002|2458748.9695|7.664999723434448|0.015000104904174805|False|V|2.51|MNIC V110
305399325|1499870|EA/RS|6.1002|2458748.9695|7.664999723434448|0.015000104904174805|False|V|0.45|MNIC V110
305430209||||||||||
306263608||||||||||
306578324|85297|EB|1.29481|2453860.55|9.755000114440918|0.07499980926513672|False|V|0.04|ASAS J075700-6635.8
306580215|171061|EA|4.66585|2454087.075|12.11|0.007|True|I|62.07|UNSW-V 732
306773020|171075|EA|2.75424|2454086.94|10.8|0.008|True|I|2.92|UNSW-V 738
306956190|227189|EB|9.8024|--|10.046|0.62|True|V|7.74|NSVS 3758203
307016006|619014|VAR|4.155323|--|14.8|0.019|True|Kp|0.14|EPIC 202093020
307062898||||||||||
307084879||||||||||
307085577||||||||||
307216760||||||||||
307297481|42090|SRB|83.0|--|7.800000190734863|0.19999980926513672|False|V|0.15|V0393 CMa
307433122||||||||||
308396022|85535|HADS|0.0757368|2451869.03|11.054999351501465|0.13500022888183594|False|V|0.23|ASAS J080102-6340.5
308402602||||||||||
308451526|838548|BY|0.789271|2457686.844|12.730000495910645|0.029999732971191406|False|V|1.17|ASASSN-V J080256.00-640424.9
308453624||||||||||
308457026|85679|"RRC|EC"|0.32195|2451869.3|10.23|0.18|True|V|0.25|ASAS J080342-6155.4
308542383|6128|SPB:|1.01655|2447889.63|6.089999675750732|0.07000017166137695|False|V|0.23|V0375 Car
308991822|86174|ED|8.224355|2451880.3|9.63|0.11|True|V|2.68|ASAS J081227-6532.7
309146836|702894|EA|5.42793|2458343.957|5.213500022888184|0.02950000762939453|False|V|0.45|HD 69863A
309658221||||||||||
309720946|229173|EA|4.60735238|--|12.59|0.67|True|R1|1.46|NSVS 2735257
309809572|150403|EW|0.32679|2451406.635|11.97499942779541|0.17500019073486328|False|R1|0.56|NY Boo
309828087||||||||||
309908721|23580|EA|1.416903|2454423.746|12.350000381469727|0.25|False|V|20.15|V0517 Ori
309998013|556882|EA|1.274065|2456682.985|12.244999885559082|0.24499988555908203|False|V|0.26|ASASSN-V J141617.76+761240.0
310004006|4466|EB|0.6450412|2454982.456|8.96000051498413|0.17999982833862305|False|Hp|0.52|ET Boo
310170268||||||||||
310308203|38158|EA/D|2.694002|2452500.62|9.75|0.25|False|pg|0.13|TX Vol
310556491|626739|L|--|--|12.299999713897705|0.9000000953674316|False|V|112.28|ASASSN-V J122051.66-654934.4
311070085|2212773|EA|2.38971|2458832.89|8.919999599456787|0.03000020980834961|False|V|0.44|PMAK V76
311128363|36143|EA|3.38751|2448527.515|10.28499984741211|0.08500003814697266|False|V|0.18|V1126 Tau
311183180||||||||||
312060302|133683|EA|0.9805|2444377.35|11.000000476837158|0.5999999046325684|False|B|0.15|V1046 Cas
314459000|52259|EW|0.8578464|2457619.738|9.5600004196167|0.15999984741210938|False|V|0.32|V0736 Cep
315810194||||||||||
316450573|2212532|EA|2.46888|2458711.734|9.605000495910645|0.07499980926513672|False|V|0.29|BMAM-V753
316520410|39782||--|--|--|--|False|V|0.72|NSV 1158
317191077||||||||||
317250858|281193|EB|0.34964|--|10.277|0.071|True|V|0.2|ASAS J080950-8435.9
317470793|8400|EW/KW|0.41743466|2457659.305|12.169999599456787|0.2800002098083496|False|V|0.64|WZ Cep
317651704||||||||||
317839169||||||||||
318512022|435673|VAR|--|--|13.48|1.19|True|r|28.54|GDS_J1133176-634447
318937509||||||||||
320205468||||||||||
320415482||||||||||
320536498|85484|E/RS|0.410625|2452387.87|8.55|0.24|True|V|1.11|ASAS J080011+0951.4
321656644|8069|SRC|326.0|2452874.0|6.909999847412109|0.5|False|V|0.05|V0772 Cen
321724822|623646|VAR|0.737|2457153.681|5.408|0.009|True|V|0.55|HD 204770
321818578|9065|BCEP|0.1904881|2440444.625|3.105000138282776|0.0549999475479126|False|V|0.09|bet Cep
323282620|14247|RRAB|0.6053423|2439158.231|10.422999382019043|0.33100032806396484|False|V|0.55|SX For
323292655|9248|EA+DSCT|1.66987|2442850.7688|5.690000057220459|0.3299999237060547|False|V|0.56|RS Cha
323301918||||||||||
323442776|20381|EB/KE|1.1493549|2442064.448|8.764999389648438|0.2650003433227539|False|V|0.06|UZ Oct
323727556|629405|EA|4.0073218|--|9.433|0.257|True|W1|56.65|WISE J091033.3-792209
323968843|9399|ELL|2.1595|2448317.15|5.020000219345093|0.029999971389770508|False|V|0.56|zet Cha
327012081||||||||||
327121759|6533|EA/SD|2.98984|2455514.542|11.449999332427979|0.4500002861022949|False|pg|0.24|GT Cas
327251785||||||||||
328417482|2153171|EW|0.4373912|2458424.6683|18.611|0.652|True|g|94.21|ZTF J220719.12+544847.4
328860378|160259|EA/RS|2.1677|2451361.6996|10.239999294281006|0.12000036239624023|False|CR|0.71|MW Com
329246824|174763|EB|0.5876845|2456805.9546|10.990000247955322|0.34999990463256836|False|V|0.18|V0564 Dra
329248002|61419|EA|3.10886|2448604.78|8.985000133514404|0.05499982833862305|False|V|0.11|NP Dra
330847328||||||||||
330998582|306099|EA|5.2602|2452801.8467|9.339999198913574|0.1400003433227539|False|V|48.37|HD 347317
332079835||||||||||
332204084||||||||||
332891271||||||||||
333247721|683673|EA|4.17391|2452225.778|8.454999446868896|0.03500032424926758|False|V|0.08|HD 47716
333642126||||||||||
333804979||||||||||
336168208||||||||||
336485975|130240|EW|0.3189211|--|9.50100040435791|0.180999755859375|False|R1|0.06|NSVS 8183892
336767770||||||||||
337028799||||||||||
337440887|3084|RRAB|0.5249836|2452918.61|11.139999866485596|0.4120001792907715|False|V|0.52|MS Ara
337886863|64351|EA|5.6925|2448098.81|7.944999933242798|0.03500008583068848|False|V|0.0|NSV 25916
338071673|8398|EA/DM|3.378456|2456180.455|8.404999732971191|0.2950000762939453|False|V|0.16|WX Cep
339258033|24811|RRAB|0.567173|2428336.513|10.549999713897705|0.6500000953674316|False|pg|0.04|BN Pav
339731418||||||||||
339960875||||||||||
340065168||||||||||
340110295|62979|VAR|0.99787|--|6.6|0.012|True|V|0.78|NSV 24544
340633943||||||||||
340985103|6125|BCEP|0.116|--|5.69|0.027|True|V|0.14|V0372 Car
341040660||||||||||
341309569||||||||||
341487695||||||||||
341550561|6215|EB|1.105686|2448500.547|6.599999666213989|0.08000016212463379|False|Hp|0.12|V0462 Car
341615749||||||||||
342010156|15086|EA/AR/RS|7.960322|2431302.445|8.959999561309814|0.49000024795532227|False|V|0.43|MM Her
342061072||||||||||
343422347|640205|EW|0.5154666|--|12.437|0.533|True|W1|111.01|WISE J134348.0-682937
343553606|9051|EW|0.805074|2450433.3516|11.43000078201294|0.1699995994567871|False|V|0.09|V0699 Cep
344031627||||||||||
344175457||||||||||
345170707||||||||||
345482340|174621|EW|0.365071|2451597.6971|12.75|0.24|True|CV|0.3|NSVS 9475749
345919804||||||||||
346181153||||||||||
347552724|75068|EB|0.53591584|2451931.05|10.22|0.34|True|V|0.88|ASAS J030027+0211.0
348319604||||||||||
348839788||||||||||
348898049||||||||||
349057976||||||||||
349059354|82386|EA|3.32932|2451933.642|11.440000534057617|0.11999988555908203|False|V|0.36|AH Vol
349091359|839595|EW|0.387485|2457037.823|12.759999752044678|0.059999942779541016|False|V|0.22|ASASSN-V J071058.19-603153.1
349154435||||||||||
349156098|840377|EA|1.2015|2457115.614|14.84000015258789|0.5900001525878906|False|V|42.87|ASASSN-V J071248.16-644303.5
349195685||||||||||
349308842||||||||||
349309442||||||||||
349310205||||||||||
349409844|6142|ACV|0.831|--|7.2|0.01|True|V|0.57|V0389 Car
349480507|83254|ED|3.124|2451871.6|9.91|0.41|True|V|0.79|ASAS J072345-6500.6
349518145||||||||||
349518800||||||||||
349519544|6206|EA|18.7532|2452885.14|10.699999332427979|0.4500002861022949|False|V|0.1|V0453 Car
349523518||||||||||
349642881||||||||||
349790953||||||||||
349832824|83947|ED|1.040729|2451869.26|10.82|0.15|True|V|0.23|ASAS J073435-6456.7
349835367|6076|EA|3.340806|2451904.674|9.904999732971191|0.41499996185302734|False|V|0.14|PY Car
349972148|84184|DSCT|0.16852|2451869.26|10.68|0.14|True|V|0.11|ASAS J073841-6149.1
350030939|84214|EA+DSCT|1.2209619|2451978.6871|9.959999561309814|0.07000017166137695|False|V|0.08|V0681 Car
350142099||||||||||
350146577|84491|ACV|1.83817|2451965.58|8.169999122619629|0.06000041961669922|False|V|0.56|ASAS J074337-6324.0
350297040||||||||||
350298314||||||||||
350443417|26381|EA|1.21672|2448836.287|8.999999523162842|0.20000028610229492|False|V|0.3|WZ Pic
350445771||||||||||
350478924|78140|EB|0.437084|2454161.988|9.875|0.2049999237060547|False|V|0.3|ASAS J054311-5845.6
350479101|2212856|EA|5.959045|2456620.821|9.7|0.015|True|V|0.03|KELT KS20C003765
350480660|2213388|EA|4.463843|2457649.816|11.68|0.022|True|V|0.29|KELT KS21C029650
350522254|26383|EW|0.2972608|2448500.113|7.585000276565552|0.02499985694885254|False|Hp|0.23|XY Pic
350561815||||||||||
350622185|78367|ED|1.1685|2451870.38|8.91|0.27|True|V|0.68|ASAS J055010-5648.4
350740905||||||||||
350764481||||||||||
350765919|26395|UG|0.142|--|13.250000476837158|0.5499997138977051|False|V|0.21|AH Pic
350954272|41443|EA/RS|3.3234465|2453048.576|11.00499963760376|0.565000057220459|False|V|0.21|BB Pic
351556896|119563|EC|0.322703|2451872.703|11.34|0.21|True|V|0.55|ASAS J203800-6426.6
352110251||||||||||
352165018|172719|EA|4.9045|2451310.888|9.669999599456787|0.19000005722045898|False|R1|0.1|V2529 Cyg
352979549|8496|EA|1.1619743|2457246.684|10.999999523162842|0.40000009536743164|False|pg|0.17|DV Cep
353077789||||||||||
353854078|13696|EA/SD+DSCT|5.16952|2444705.459|8.900000095367432|0.9000000953674316|False|V|0.27|SX Dra
353894978|229543|EA|3.34181534|--|11.01|0.37|True|R1|0.72|NSVS 2934997
353939279|629084|DCEP|2.2632438|--|7.716|0.157|True|W1|0.04|WISE J180915.6+580102
353987913||||||||||
353989471|1521195|EW|0.309704|2456904.8|11.029999256134033|0.08000040054321289|False|V|0.12|ASASSN-V J181011.13+553819.7
354014743||||||||||
354385277|634567|EA|2.9225977|--|11.794|0.661|True|W1|19.58|WISE J231014.1+731838
355151781|409816|ACV:|0.79037|2452606.86|8.539999961853027|0.039999961853027344|False|V|0.2|HD 74423
355152971|42829|EA|8.0758|2452619.896|10.795000553131104|0.22499990463256836|False|V|0.32|AC Vol
355357949||||||||||
356015357|1543025|EA|11.25949|2458804.227|8.89|0.23|True|V|0.12|PMAK V52
356015361|1543025|EA|11.25949|2458804.227|8.89|0.23|True|V|96.38|PMAK V52
356150515|13934|EB|0.6121|2451280.8477|11.724999904632568|0.27500009536743164|False|R1|0.39|LN Dra
356340346|13876|EA|23.854242|2454171.5462|8.535000324249268|0.05499982833862305|False|Hp|0.11|GV Dra
356524567||||||||||
356701798||||||||||
356820646|174769|E|0.79397|2451341.6909|11.841|0.404|True|R1|1.81|NSVS 1099044
356896561|13880|EA|2.253355|2448745.844|9.300000190734863|0.15999984741210938|False|V|0.2|GZ Dra
356974629|2083353|RS|1.5612081|2458267.8806|15.264|0.097|True|r|15.66|ZTF J205717.70+444344.4
357047278||||||||||
357345626|9639|EA/AR/RS|3.642583|2425798.328|9.679999828338623|0.2800002098083496|False|V|0.93|UX Com
357790008|229605|RS|2.16817618|--|11.42|0.34|True|R1|1.46|NSVS 5484307
358018764|129715|EW|0.3297439|2457912.752|11.984999179840088|0.24500036239624023|False|V|0.18|V0614 Cam
358108063||||||||||
358179405|82298|"ESD|EC"|0.291792|2451869.012|11.75|0.25|True|V|5.05|ASAS J070820-7413.4
358335586|481367|EA|1.221302|--|13.18|0.97|True|CV|39.31|SSS_J050900.9-550027
358510596||||||||||
358659512||||||||||
359188252|2213540|EA|8.046713|2456401.012|12.4|0.043|True|V|0.93|KELT KC08C05394
359390362|15871|EA|4.7251102|2455062.4259|11.750000476837158|0.34999990463256836|False|V|0.3|V1060 Her
359497418|2212863|EA|6.331994|2457522.655|10.1|0.018|True|V|0.35|KELT KC23C007090
359552377|512885|EA|3.43918|2457149.066|11.730000495910645|1.0399999618530273|False|V|64.89|SERIV 91
359588615||||||||||
359631482|1546358|ELL|0.556515|2456594.028|9.344999313354492|0.015000343322753906|False|V|0.08|MNIC V136
359675849|63008||3.63|2457219.51|7.943|0.037|True|V|1.58|NSV 24573
362104293||||||||||
362220700||||||||||
362520882|429601|VAR|--|--|12.62|0.18|True|r|49.68|GDS_J0941304-523128
363149298||||||||||
364186087||||||||||
364302118|844185|VAR|--|--|10.720000743865967|0.1699995994567871|False|V|0.1|ASASSN-V J051254.36-614155.3
364395234||||||||||
364399376|6146|HADS|0.1412947|2456732.0484|7.244999885559082|0.10500001907348633|False|V|0.53|V0393 Car
365070128||||||||||
365368501|3689|RRAB|0.6511796|2437583.57|8.571000576019287|0.4649996757507324|False|V|1.77|X Ari
365428002|75234|EC|0.57864|2451889.16|10.68|0.37|True|V|0.57|ASAS J031401+1127.1
365694569||||||||||
366557556|8797|ELL:|0.224388|2448500.144|6.865000247955322|0.014999866485595703|False|Hp|1.49|V0445 Cep
367681735|1513367|EW|0.256798|2457575.949|12.5649995803833|0.125|False|V|0.48|ASASSN-V J162749.48+725818.0
367835766|1546288|HB|3.67796|2458782.602|9.3|0.003|True|V|0.18|BMAM-V729
367838785||||||||||
368208585|106911|EW|0.275701|2455335.9433|13.145000457763672|0.2849998474121094|False|V|0.11|ASAS J173945+1758.7
368260545||||||||||
369334982|1645661|EW|0.3087852|2458486.6367|14.28|0.164|True|r|102.53|ZTF J052505.33+415103.2
369506001||||||||||
370065236||||||||||
370134610||||||||||
371839073||||||||||
372419506||||||||||
372743588|728746|ROT|1.8333|2457858.696|11.349999904632568|0.059999942779541016|False|V|58.8|ASASSN-V J100921.84-673638.1
372758722||||||||||
372816629|76212|EC|0.90902|2451869.52|12.57|0.31|True|V|0.74|ASAS J042745-5812.0
373844472||||||||||
374040120|1581891|EB:|3.6412048|2458324.9595|18.312|0.209|True|r|27.57|ZTF J020124.11+603048.0
374704025|1582865|EW|0.2599926|2458363.9382|19.94|0.868|True|r|24.82|ZTF J020435.07+594636.7
374828411|75531|EW|0.282709|2451920.765|10.800000190734863|0.5|False|V|0.59|V1377 Tau
374944608||||||||||
375599392|8397|EA/SD:|4.600848|2452501.167|10.6|0.64|True|V|2.24|WW Cep
375853985|144395|EA|2.333711|2457373.37|11.480000495910645|0.15999984741210938|False|R1|0.04|V0881 Cep
376593757|228203|EW|0.47798072|--|10.79|0.29|True|R1|24.66|NSVS 650135
377055044|611116|EA|1.495644|2457636.844|13.65999984741211|0.28999996185302734|False|V|0.16|ASASSN-V J190030.72+591214.1
377190161|13688|EA/DM|3.7863886|2417502.411|9.75|0.25|False|V|0.19|RX Dra
377192659|13758|EA/SD:|1.81723857|2440019.7982|7.934999942779541|0.44500017166137695|False|V|0.12|BH Dra
377192675||||||||||
377296926|130250|EW|0.431392|--|12.151999950408936|0.24200010299682617|False|R1|0.03|NSVS 3057732
377307592|13916|EA|1.1928372|2452500.949|10.875000476837158|1.3849997520446777|False|V|0.18|KK Dra
378363284||||||||||
379628820|625744|EA|1.665556|2456862.59|13.274999618530273|0.17500019073486328|False|V|0.75|GSC 04319-00930
379631121|1627309|EA|16.21|2458818.32|11.78|0.095|True|V|0.09|BMAM-V749
380618779||||||||||
380651349||||||||||
380783252||||||||||
381948745||||||||||
381950094|13658|EW|0.427187|2448500.32|9.269999980926514|0.1100001335144043|False|V|1.45|AP Dor
382028425||||||||||
382069435|77334|EA+BY|5.4915|2451884.8|10.750000476837158|0.34999990463256836|False|V|0.12|ASAS J051837-5803.2
382160146||||||||||
382188882||||||||||
382517745||||||||||
382631678|839316|EW|0.33247|2457364.776|14.559999465942383|0.13000011444091797|False|V|35.51|ASASSN-V J075515.17-604854.5
383346621|57763|ROT|0.58373|--|8.562|0.07|True|Hp|0.52|NSV 19328
383427491|356013|EA|5.79838|--|9.01|0.16|True|i|0.43|CSTAR n020508
384031569|88527|ED|20.82242|2451930.9|10.63|0.02|True|V|0.15|ASAS J090232-5653.4
384742846||||||||||
384992041|241977|R|0.26584|2455045.582|11.72|0.12|True|V|0.96|GALEX J032139.8+472716
385041086|1603241|EW|0.8958706|2458429.8256|14.72|0.279|True|g|36.91|ZTF J032200.14+475617.0
386687697||||||||||
387237076||||||||||
387513120|74978|EC|0.303638|2451919.929|12.05|0.49|True|V|0.88|ASAS J025155+0824.9
388179896|39798|EC|0.30985|2451868.626|10.732|0.483|True|V|0.75|NSV 1174
388508344|623633|VAR|1.4615|2457229.5665|8.329|0.027|True|V|0.53|HIP 117380
388602832||||||||||
389015383|88583|EA|0.873857|2454555.6252|11.53|0.29|True|V|0.06|ASAS J090354-8833.1
389510663||||||||||
389669796||||||||||
389761749|144424|BCEP|0.6741|2452933.0564|9.300000667572021|0.04999971389770508|False|V|0.09|V1116 Cas
389922504||||||||||
390021728|130231|"EB|EW"|0.302035|--|11.67699909210205|0.2110004425048828|False|R1|1.83|NSVS 3034155
390408482|6361|EB/DM|2.92687|2429677.228|8.839999675750732|0.32000017166137695|False|V|0.03|TX Cas
390632932|95436|EW|0.373705|2452117.98|9.980000495910645|0.11999988555908203|False|V|1.0|V0415 Vir
390668263||||||||||
390896668|4651|BE:|--|--|8.065000534057617|0.1549997329711914|False|Hp|0.02|CR Cam
390955053|56934|IA:|--|--|4.764999866485596|0.02500009536743164|False|V|0.54|NSV 18499
391887389||||||||||
391927558|82384|"ESD|EC"|0.542916|2451869.7|12.27|0.48|True|V|0.22|ASAS J070959-7208.2
392536812|232387|EW|0.4561|--|11.848|0.224|True|R1|0.56|NSVS 2953494
393491149|636580|MISC|0.5543551|--|12.055|0.125|True|W1|0.08|WISE J043023.9-592805
393672471|96287|EA|1.310973|2454259.639|10.549999713897705|0.40000009536743164|False|V|101.89|V0636 Vir
393871721|23039|EW|0.45757|2451283.7923|11.050000190734863|0.25|False|R1|0.44|V2553 Oph
394179296|18444|EA+GDOR|0.730943|2454954.2625|11.799999713897705|0.40000009536743164|False|pg|0.09|V0404 Lyr
394230860|75190|ED|28.969025|2451921.3|10.65|0.02|True|V|0.65|ASAS J031113-7402.7
394452884|91151|"ESD|ED"|0.302679|2451870.165|9.19|0.1|True|V|0.11|ASAS J101503-8112.2
396170777|117402|ED|6.565431|2451885.1|10.24|0.11|True|V|0.23|ASAS J195530-7115.7
396424970|97762|DSCT|0.139343|2451878.224|11.73|0.21|True|V|0.14|ASAS J141222-7403.3
396486931||||||||||
396696863||||||||||
396903513|3342|EA+SPB|3.169094|2448753.44|5.445000171661377|0.2649998664855957|False|V|0.25|V0539 Ara
396953669||||||||||
396954096|76025|"EC|ESD"|0.302653|2451929.118|10.53|0.13|True|V|0.28|ASAS J041534+0146.0
397048159|23225|EA/DM|1.605463|2453676.703|10.274999141693115|0.2050004005432129|False|V|0.16|ES Ori
397058826||||||||||
398785689||||||||||
399664959||||||||||
399788405|130233|EB|0.4304361|2457959.7977|11.414999961853027|0.16499996185302734|False|V|0.31|V0570 Dra
400302671|106413|"EC|DSCT|ESD"|0.325188|2452702.33|12.57|0.4|True|V|0.24|ASAS J173318+1430.3
401227592||||||||||
401606923||||||||||
401946845|75683|EC|0.4909|2451885.23|12.38|0.46|True|V|0.28|ASAS J035120-0331.4
402447670|57141|ELL|4.35384|2453048.73|7.784999847412109|0.02500009536743164|False|V|0.29|NSV 18706
403118245||||||||||
404103665|8648|EA|4.980605|2430633.378|11.499999523162842|0.40000009536743164|False|pg|0.05|NU Cep
404123632|115710|ED|3.365476|2451966.9|10.29|0.24|True|V|0.1|ASAS J192957-4941.4
404804908||||||||||
404854539|78018|EC|0.3622215|2451868.71|11.38|0.57|True|V|0.38|ASAS J054000-6828.7
404927661||||||||||
405034090||||||||||
405219270||||||||||
405219739||||||||||
405220019||||||||||
406095880|36567|TTS/ROT|0.9457|--|8.342|0.032|True|V|1.31|PZ Tel
406798603|4469|EA|0.9063476|2448500.513|10.03999948501587|0.19000005722045898|False|V|0.56|EW Boo
406864355|99578|E/RS|0.583262|2451885.92|11.39|0.15|True|V|0.26|ASAS J150758-8154.5
407298349|2144555|EW|0.2901696|2458431.6784|19.04|0.421|True|r|70.3|ZTF J214307.20+620305.6
407515765||||||||||
407594410|38492|EA|3.8173|2448501.15|6.24500036239624|0.034999847412109375|False|V|0.11|PS Vul
407661994||||||||||
407823917||||||||||
407824089||||||||||
408131298|9142|LB|--|--|7.805000066757202|0.09500002861022949|False|V|0.33|AS Cet
410354930|18643|EA/D|2.59959|2452196.67|10.699999332427979|0.7000002861022949|False|V|0.05|RR Men
410868364|834210|VAR|--|--|13.444999694824219|0.25500011444091797|False|V|71.91|ASASSN-V J033043.49+480643.1
411416726|281362|ROT|2.413|--|10.498|0.084|True|V|0.52|ASAS J121236-5520.5
411451519|7307|EW/KE:|0.60569029|2424231.0981|7.065000057220459|0.2049999237060547|False|V|0.85|RR Cen
415045920||||||||||
416024040|97265|EB|0.655331|2453445.72|12.02500057220459|0.3249998092651367|False|V|0.13|V0385 Boo
417118871|129965|"EB|EW"|0.282236|--|12.166000366210938|0.16699981689453125|False|R1|0.81|NSVS 5079550
417126296|1498733|EA|10.0366|2458687.75|9.315000534057617|0.11499977111816406|False|V|0.26|NEV361
417175621|4403|EA/DM|3.332816|2452501.026|6.965000152587891|0.16499996185302734|False|V|0.34|BW Boo
417734853|1545799|EA|11.4467|2458022.382|9.38|0.16|True|V|0.66|PMAK V62
418295363|1508895|EA|2.09361|2457621.502|13.380000114440918|0.19999980926513672|False|V|52.54|ASASSN-V J130830.47-782728.7
418532689|630930|EA|0.3803619|--|10.899|0.444|True|W1|0.22|WISE J134554.2-784826
419575080||||||||||
419744996||||||||||
420114772||||||||||
420137341||||||||||
420645952|1547559|EA|1.84652|2458990.829|7.2900002002716064|0.009999990463256836|False|V|0.4|HD 19438
420757505|4665|EA|4.1659|2448501.04|7.729999780654907|0.12000012397766113|False|Hp|0.94|DI Cam
420947520|356630|EA/EL|1.7994305|2454717.064|--|--|False|V|0.26|1SWASP J181417.43+481117.0
420962954|77600|EC|0.66466|2451869.2|9.65|0.38|True|V|0.33|ASAS J052819-1931.3
422251657||||||||||
422284103||||||||||
422844353||||||||||
422965201||||||||||
423027012||||||||||
423524230||||||||||
424796997||||||||||
424992973||||||||||
425064757|13644|EA/HW|0.2615397|2443196.3487|10.899999618530273|0.21000003814697266|False|V|0.79|AA Dor
425158608||||||||||
425172025||||||||||
425206121|625222|EP|4.6117091|2457281.2495|9.87|0.011|True|V|0.04|KELT-19
425215390|54689|EB|0.533437|2453085.591|9.274999618530273|0.04500007629394531|False|V|0.21|KS Eri
426111509|230565|EA|1.7332|2451301.3|11.23|0.28|True|R1|1.1|NSVS 1426915
426588729|54200||--|--|5.285000324249268|0.014999866485595703|False|Hp|1.04|NSV 15765
426803687|11416|EA/KE:|1.474915|2428805.607|11.90000057220459|0.19999980926513672|False|pg|0.09|V0496 Cyg
427063387|2213702|EA|3.680029801|2457637.67|10.82|0.014|True|V|0.02|KELT KC24C026840
427578308|1502164|EA|1.46448|2458326.089|13.580000400543213|0.04999971389770508|False|V|83.36|ASASSN-V J033957.08+285729.9
427654774||||||||||
428055818|146|UGSS|0.440502|--|8.75|2.25|False|V|0.18|DX And
428772119|8557|EW/KW|0.3188318|2457351.619|11.049999237060547|0.35000038146972656|False|pg|0.19|GW Cep
428784674||||||||||
428795527|8757|EA|1.373748|2456155.4907|8.635000228881836|0.11499977111816406|False|Hp|48.86|V0405 Cep
428987718|167235|EA|1.25771|2451318.73|11.640000820159912|0.1699995994567871|False|R1|0.38|V0924 Cep
431589510|75320|DSCT|0.129425|2451869.05|12.07|0.33|True|V|0.13|ASAS J032246-7237.8
431936432||||||||||
435336503|280916|ROT|0.55472|--|12.624|0.08|True|V|1.43|ASAS J034019+1220.4
436243444||||||||||
436592342|286003|EA|2.2111|2454225.049|9.88|0.075|True|V|0.32|HD 287039
436847239||||||||||
437212966||||||||||
437241830|10743|EA|0.9443|2448500.718|8.225000381469727|0.16499996185302734|False|Hp|0.21|TW Crt
437322147||||||||||
440676745||||||||||
440796977|82825|EA|1.56415|2454819.754|12.029999732971191|0.3000001907348633|False|V|81.97|ASAS J071656+1446.7
441128066|9217|EW|0.44079|2453644.7377|9.25|0.28999996185302734|False|Hp|0.21|DY Cet
441183795|26594|EB|0.633889|2448500.551|8.71000051498413|0.09999990463256836|False|Hp|0.99|VY PsA
441499423||||||||||
441641972|1500092|EA|5.12558|2458737.75|9.529999732971191|0.039999961853027344|False|V|1.39|MNIC V116
441687696|229169|EA|2.22629816|--|12.09|0.57|True|R1|0.48|NSVS 2734084
441690583|229171|EA|5.64643262|--|11.99|0.54|True|R1|0.31|NSVS 2734595
441721258|46807|GDOR|0.34511|--|6.48|0.06|True|B|1.13|VX UMi
441721286||||||||||
441734144|47123|EW|0.3254|2451274.913|10.635000228881836|0.4549999237060547|False|V|0.47|VY UMi
441739153|1540545|EA|3.21062|2458792.284|9.2|0.13|True|V|0.03|MNIC V122
441794509||||||||||
441804888|229457|EB|2.73759466|--|11.92|0.28|True|R1|1.62|NSVS 1095598
441807438||||||||||
442240473|90040|EA|32.998|2453016.92|8.544999599456787|0.2350001335144043|False|V|0.27|ASAS J094355-5503.1
442918617|250101|EA|3.32839|2452886.884|6.579999923706055|0.039999961853027344|False|V|0.08|HD 35104
443171652||||||||||
443969553||||||||||
444801274|2213161|EA|4.93301|2457445.281|11.76|0.024|True|V|0.18|KELT KC17C030691
445556827|25529|N+E|0.107123474|2447442.826|-2.75|6.75|False|pg|8.21|V Per
445924091|75195|"EC|RRC|ESD"|0.463981|2451889.1|12.05|0.33|True|V|0.26|ASAS J031123+0911.0
445932196|77102|EA|1.13087|2452498.13|12.39|0.66|True|V|0.09|ASAS J051017+0932.9
446175401|5145|EA/WD+UV|0.3641393156|2452784.054|12.91|0.3|True|V|4.14|DE CVn
449999729|1558811|EW|0.3771364|2458370.9127|17.183|0.316|True|r|100.76|ZTF J003532.11+571406.9
452786194|76301|ESD|1.01988|2451869.82|9.28|0.12|True|V|0.1|ASAS J043353+0140.3
452845139||||||||||
453012065||||||||||
453097744|84014|EC|1.05719|2451869.1|11.79|0.43|True|V|0.14|ASAS J073533-7128.9
453552912||||||||||
454190342|24372|AM+E|0.332612|--|13.699999332427979|1.5000004768371582|False|V|0.2|V1309 Ori
454222105|77305|EW|0.632777|2454762.8|11.27500057220459|0.24499988555908203|False|V|0.15|V2839 Ori
454665792|93702|HADS|0.1217621|2455032.521|11.929999828338623|0.15000009536743164|False|V|0.09|V0358 Mus
454855280|9381|ACV|75.02|2453848.0|9.825000286102295|0.05499982833862305|False|V|0.12|DV Cha
455110001||||||||||
455206965|251753|EA/HW|0.09603|2455147.8564|15.0|0.3|True|V|0.07|SDSS J082053.53+000843.4
456610411|476848|ACV|2.30444|2454188.9|7.904999732971191|0.005000114440917969|False|V|0.2|HD 173562
457172621|75679|EW|0.451881|2452636.698|12.025000095367432|0.22499990463256836|False|V|0.15|ASAS J035050+0325.7
457427613|6102|SRC|348.0|--|7.02500057220459|0.4849996566772461|False|V|0.1|V0349 Car
458267524|56905|EA|32.1854|2452786.438|8.920000076293945|0.15999984741210938|False|V|0.23|V0658 Car
458481461|13702|EA/SD|2.806847|2444136.295|6.75|1.25|False|pg|0.4|TW Dra
458842028||||||||||
458847254|1587691|EA|2.6073298|2458344.9721|15.357|0.237|True|r|18.72|ZTF J022146.40+633453.1
458911894|1600941|RS|0.2416277|2458388.9899|16.77|0.226|True|r|70.62|ZTF J031306.97+631129.0
459252372||||||||||
461579405||||||||||
461625381|241153|EA|3.5034|2451300.85|12.59|0.34|True|R1|0.33|NSVS 60360
461713146|13998|EA/SD|4.97927|2425621.58|9.700000286102295|0.5999999046325684|False|V|0.49|RY Eri
462785373|633114|EA|2.4774638|--|11.533|0.601|True|W1|116.65|WISE J100815.2-574251
463507016|305402|VAR|0.99716|--|6.85|0.008|True|V|0.81|HIP 50279
464380201||||||||||
464422047|25082|EA|2.748435|2448223.088|7.2749998569488525|0.11500000953674316|False|V|0.15|V0362 Pav
464886060||||||||||
467181063|1897085|EB|34.6049692|2458278.6733|15.42|0.181|True|r|13.22|ZTF J192712.17+591628.7
467668926||||||||||
467785365|1615990|EW|0.3701862|2458351.9899|16.306|0.121|True|r|111.23|ZTF J041028.12+341221.2
468276605||||||||||
468606062||||||||||
468641429|305082|VAR|0.72515|--|9.15|0.021|True|V|0.37|HIP 5615
468887783||||||||||
468948126||||||||||
468958374|5615|EA|1.535092|2452500.3432|10.475000858306885|0.33499956130981445|False|V|0.4|BX CMi
469441650|9886|EA/SD|1.6835995|2431017.297|8.800000190734863|0.5|False|pg|0.04|RW CrA
470124714|1546198|EA+ROT|5.5194|2458911.873|9.415000438690186|0.09499979019165039|False|V|0.35|PMAK V70
470152814||||||||||
470212961||||||||||
470901118||||||||||
471012349||||||||||
609742113|270951|UGSU|--|--|12.999999046325684|1.9000005722045898|False|CR|0.54|DDE 19
640714388||||||||||
1717079071|409129|EP|1.76358799|2454953.5651|9.74|0.008|True|V|0.41|KOI-13
1883519478|12063|EA/DM|7.6407613|2442212.7651|5.5899999141693115|0.25999999046325684|False|V|2.65|V1143 Cyg
1981303680|623626|VAR|0.5646|2457230.6649|8.232|0.012|True|V|0.34|HD 190833
